sensor_id,sensor_type,location,lat,lon,timestamp,pressure,altitude,pressure_sealevel,temperature,humidity
3436,BME280,1731,42.693,23.359,2019-04-09T00:00:41,93738.43,,,13.05,100.00
3436,BME280,1731,42.693,23.359,2019-04-09T00:03:37,93736.81,,,13.01,100.00
3436,BME280,1731,42.693,23.359,2019-04-09T00:06:08,93735.30,,,13.05,100.00
3436,BME280,1731,42.693,23.359,2019-04-09T00:08:40,93733.08,,,12.95,100.00
3436,BME280,1731,42.693,23.359,2019-04-09T00:11:12,93740.94,,,12.97,100.00
3436,BME280,1731,42.693,23.359,2019-04-09T00:13:48,93736.95,,,12.90,100.00
3436,BME280,1731,42.693,23.359,2019-04-09T00:16:18,93732.72,,,12.86,100.00
3436,BME280,1731,42.693,23.359,2019-04-09T00:18:49,93735.89,,,12.88,100.00
3436,BME280,1731,42.693,23.359,2019-04-09T00:21:20,93736.13,,,12.86,100.00
3436,BME280,1731,42.693,23.359,2019-04-09T00:23:51,93731.83,,,12.78,100.00
3436,BME280,1731,42.693,23.359,2019-04-09T00:26:23,93732.55,,,12.95,100.00
3436,BME280,1731,42.693,23.359,2019-04-09T00:28:53,93730.28,,,13.01,100.00
3436,BME280,1731,42.693,23.359,2019-04-09T00:31:25,93732.69,,,13.05,100.00
3436,BME280,1731,42.693,23.359,2019-04-09T00:33:55,93730.08,,,13.05,100.00
3436,BME280,1731,42.693,23.359,2019-04-09T00:36:25,93722.31,,,12.91,100.00
3436,BME280,1731,42.693,23.359,2019-04-09T00:38:55,93728.55,,,12.66,100.00
3436,BME280,1731,42.693,23.359,2019-04-09T00:41:27,93724.72,,,12.73,100.00
3436,BME280,1731,42.693,23.359,2019-04-09T00:43:57,93723.13,,,12.70,100.00
3436,BME280,1731,42.693,23.359,2019-04-09T00:46:28,93716.55,,,12.45,100.00
3436,BME280,1731,42.693,23.359,2019-04-09T00:48:59,93714.44,,,12.64,100.00
3436,BME280,1731,42.693,23.359,2019-04-09T00:51:30,93709.49,,,12.65,100.00
3436,BME280,1731,42.693,23.359,2019-04-09T00:54:02,93709.86,,,12.55,100.00
3436,BME280,1731,42.693,23.359,2019-04-09T00:56:34,93708.08,,,12.58,100.00
3436,BME280,1731,42.693,23.359,2019-04-09T00:59:06,93706.81,,,12.60,100.00
3436,BME280,1731,42.693,23.359,2019-04-09T01:05:05,93708.98,,,12.66,100.00
3436,BME280,1731,42.693,23.359,2019-04-09T01:07:37,93705.85,,,12.66,100.00
3436,BME280,1731,42.693,23.359,2019-04-09T01:10:09,93694.41,,,12.70,100.00
3436,BME280,1731,42.693,23.359,2019-04-09T01:12:41,93693.28,,,12.63,100.00
3436,BME280,1731,42.693,23.359,2019-04-09T01:15:13,93687.38,,,12.73,100.00
3436,BME280,1731,42.693,23.359,2019-04-09T01:17:44,93687.38,,,12.73,100.00
3436,BME280,1731,42.693,23.359,2019-04-09T01:20:18,93684.63,,,12.60,100.00
3436,BME280,1731,42.693,23.359,2019-04-09T01:22:49,93684.25,,,12.71,100.00
3436,BME280,1731,42.693,23.359,2019-04-09T01:25:20,93679.78,,,12.69,100.00
3436,BME280,1731,42.693,23.359,2019-04-09T01:28:01,93680.27,,,12.66,100.00
3436,BME280,1731,42.693,23.359,2019-04-09T01:30:34,93680.61,,,12.72,100.00
3436,BME280,1731,42.693,23.359,2019-04-09T01:33:13,93673.23,,,12.66,100.00
3436,BME280,1731,42.693,23.359,2019-04-09T01:36:02,93668.08,,,12.74,100.00
3436,BME280,1731,42.693,23.359,2019-04-09T01:38:50,93664.56,,,12.85,100.00
3436,BME280,1731,42.693,23.359,2019-04-09T01:41:40,93655.73,,,12.91,100.00
3436,BME280,1731,42.693,23.359,2019-04-09T01:44:28,93657.31,,,12.90,100.00
3436,BME280,1731,42.693,23.359,2019-04-09T01:47:20,93650.45,,,12.83,100.00
3436,BME280,1731,42.693,23.359,2019-04-09T01:50:19,93647.11,,,12.91,100.00
3436,BME280,1731,42.693,23.359,2019-04-09T01:53:01,93646.66,,,12.96,100.00
3436,BME280,1731,42.693,23.359,2019-04-09T01:56:06,93644.07,,,12.99,100.00
3436,BME280,1731,42.693,23.359,2019-04-09T01:58:58,93644.77,,,12.89,100.00
3436,BME280,1731,42.693,23.359,2019-04-09T02:02:00,93645.22,,,12.83,100.00
3436,BME280,1731,42.693,23.359,2019-04-09T02:04:48,93644.25,,,12.90,100.00
3436,BME280,1731,42.693,23.359,2019-04-09T02:07:39,93642.46,,,12.95,100.00
3436,BME280,1731,42.693,23.359,2019-04-09T02:10:19,93638.39,,,12.80,100.00
3436,BME280,1731,42.693,23.359,2019-04-09T02:13:20,93640.14,,,12.72,100.00
3436,BME280,1731,42.693,23.359,2019-04-09T02:15:59,93637.34,,,12.57,100.00
3436,BME280,1731,42.693,23.359,2019-04-09T02:18:48,93632.02,,,12.46,100.00
3436,BME280,1731,42.693,23.359,2019-04-09T02:21:49,93634.97,,,12.53,100.00
3436,BME280,1731,42.693,23.359,2019-04-09T02:24:39,93635.76,,,12.56,100.00
3436,BME280,1731,42.693,23.359,2019-04-09T02:27:32,93642.01,,,12.55,100.00
3436,BME280,1731,42.693,23.359,2019-04-09T02:30:22,93632.53,,,12.46,100.00
3436,BME280,1731,42.693,23.359,2019-04-09T02:33:15,93628.09,,,12.46,100.00
3436,BME280,1731,42.693,23.359,2019-04-09T02:36:09,93630.27,,,12.55,100.00
3436,BME280,1731,42.693,23.359,2019-04-09T02:38:57,93628.17,,,12.54,100.00
3436,BME280,1731,42.693,23.359,2019-04-09T02:41:43,93623.59,,,12.64,100.00
3436,BME280,1731,42.693,23.359,2019-04-09T02:44:35,93624.21,,,12.71,100.00
3436,BME280,1731,42.693,23.359,2019-04-09T02:47:18,93626.00,,,12.46,100.00
3436,BME280,1731,42.693,23.359,2019-04-09T02:50:13,93627.89,,,12.50,100.00
3436,BME280,1731,42.693,23.359,2019-04-09T02:53:02,93625.45,,,12.66,100.00
3436,BME280,1731,42.693,23.359,2019-04-09T02:56:04,93629.70,,,12.72,100.00
3436,BME280,1731,42.693,23.359,2019-04-09T02:58:47,93628.96,,,12.55,100.00
3436,BME280,1731,42.693,23.359,2019-04-09T03:01:54,93626.61,,,12.31,100.00
3436,BME280,1731,42.693,23.359,2019-04-09T03:04:31,93627.62,,,12.49,100.00
3436,BME280,1731,42.693,23.359,2019-04-09T03:07:11,93631.63,,,12.35,100.00
3436,BME280,1731,42.693,23.359,2019-04-09T03:09:57,93630.40,,,12.43,100.00
3436,BME280,1731,42.693,23.359,2019-04-09T03:12:47,93625.91,,,12.60,100.00
3436,BME280,1731,42.693,23.359,2019-04-09T03:15:37,93631.50,,,12.47,100.00
3436,BME280,1731,42.693,23.359,2019-04-09T03:18:29,93629.68,,,12.47,100.00
3436,BME280,1731,42.693,23.359,2019-04-09T03:21:17,93628.13,,,12.49,100.00
3436,BME280,1731,42.693,23.359,2019-04-09T03:24:13,93628.55,,,12.63,100.00
3436,BME280,1731,42.693,23.359,2019-04-09T03:27:01,93634.34,,,12.45,100.00
3436,BME280,1731,42.693,23.359,2019-04-09T03:29:51,93629.58,,,12.40,100.00
3436,BME280,1731,42.693,23.359,2019-04-09T03:32:43,93632.00,,,12.25,100.00
3436,BME280,1731,42.693,23.359,2019-04-09T03:35:36,93629.32,,,12.20,100.00
3436,BME280,1731,42.693,23.359,2019-04-09T03:38:24,93634.13,,,12.28,100.00
3436,BME280,1731,42.693,23.359,2019-04-09T03:41:14,93631.22,,,12.46,100.00
3436,BME280,1731,42.693,23.359,2019-04-09T03:44:04,93632.09,,,12.54,100.00
3436,BME280,1731,42.693,23.359,2019-04-09T03:46:52,93628.89,,,12.47,100.00
3436,BME280,1731,42.693,23.359,2019-04-09T03:49:43,93643.89,,,12.15,100.00
3436,BME280,1731,42.693,23.359,2019-04-09T03:52:29,93637.22,,,12.25,100.00
3436,BME280,1731,42.693,23.359,2019-04-09T03:55:32,93631.08,,,12.33,100.00
3436,BME280,1731,42.693,23.359,2019-04-09T03:58:13,93637.72,,,12.43,100.00
3436,BME280,1731,42.693,23.359,2019-04-09T04:00:59,93633.94,,,12.54,100.00
3436,BME280,1731,42.693,23.359,2019-04-09T04:04:03,93638.31,,,12.29,100.00
3436,BME280,1731,42.693,23.359,2019-04-09T04:06:39,93641.56,,,12.19,100.00
3436,BME280,1731,42.693,23.359,2019-04-09T04:09:27,93641.23,,,12.32,100.00
3436,BME280,1731,42.693,23.359,2019-04-09T04:12:22,93640.77,,,12.35,100.00
3436,BME280,1731,42.693,23.359,2019-04-09T04:15:19,93643.14,,,12.39,100.00
3436,BME280,1731,42.693,23.359,2019-04-09T04:18:24,93640.32,,,12.43,100.00
3436,BME280,1731,42.693,23.359,2019-04-09T04:21:05,93639.16,,,12.54,100.00
3436,BME280,1731,42.693,23.359,2019-04-09T04:23:52,93645.02,,,12.44,100.00
3436,BME280,1731,42.693,23.359,2019-04-09T04:26:36,93639.26,,,12.64,100.00
3436,BME280,1731,42.693,23.359,2019-04-09T04:29:23,93646.91,,,12.70,100.00
3436,BME280,1731,42.693,23.359,2019-04-09T04:32:08,93646.67,,,12.72,100.00
3436,BME280,1731,42.693,23.359,2019-04-09T04:35:06,93645.55,,,12.65,100.00
3436,BME280,1731,42.693,23.359,2019-04-09T04:38:13,93642.93,,,12.65,100.00
3436,BME280,1731,42.693,23.359,2019-04-09T04:40:49,93649.48,,,12.68,100.00
3436,BME280,1731,42.693,23.359,2019-04-09T04:43:38,93656.77,,,12.66,100.00
3436,BME280,1731,42.693,23.359,2019-04-09T04:46:36,93656.53,,,12.67,100.00
3436,BME280,1731,42.693,23.359,2019-04-09T04:49:15,93656.50,,,12.65,100.00
3436,BME280,1731,42.693,23.359,2019-04-09T04:52:11,93652.03,,,12.63,100.00
3436,BME280,1731,42.693,23.359,2019-04-09T04:55:02,93656.67,,,12.58,100.00
3436,BME280,1731,42.693,23.359,2019-04-09T04:57:41,93663.56,,,12.45,100.00
3436,BME280,1731,42.693,23.359,2019-04-09T05:00:33,93664.70,,,12.51,100.00
3436,BME280,1731,42.693,23.359,2019-04-09T05:03:31,93661.78,,,12.48,100.00
3436,BME280,1731,42.693,23.359,2019-04-09T05:06:19,93656.84,,,12.49,100.00
3436,BME280,1731,42.693,23.359,2019-04-09T05:08:58,93664.91,,,12.47,100.00
3436,BME280,1731,42.693,23.359,2019-04-09T05:11:48,93664.70,,,12.54,100.00
3436,BME280,1731,42.693,23.359,2019-04-09T05:14:37,93665.34,,,12.42,100.00
3436,BME280,1731,42.693,23.359,2019-04-09T05:17:37,93665.81,,,12.58,100.00
3436,BME280,1731,42.693,23.359,2019-04-09T05:20:18,93669.55,,,12.65,100.00
3436,BME280,1731,42.693,23.359,2019-04-09T05:23:12,93662.23,,,12.64,100.00
3436,BME280,1731,42.693,23.359,2019-04-09T05:26:06,93667.55,,,12.72,100.00
3436,BME280,1731,42.693,23.359,2019-04-09T05:28:55,93664.19,,,12.76,100.00
3436,BME280,1731,42.693,23.359,2019-04-09T05:31:43,93657.73,,,12.81,100.00
3436,BME280,1731,42.693,23.359,2019-04-09T05:34:38,93663.80,,,12.87,100.00
3436,BME280,1731,42.693,23.359,2019-04-09T05:37:29,93664.70,,,12.76,100.00
3436,BME280,1731,42.693,23.359,2019-04-09T05:40:35,93674.01,,,12.89,100.00
3436,BME280,1731,42.693,23.359,2019-04-09T05:43:27,93673.42,,,12.84,100.00
3436,BME280,1731,42.693,23.359,2019-04-09T05:46:27,93675.83,,,12.91,100.00
3436,BME280,1731,42.693,23.359,2019-04-09T05:49:14,93674.52,,,12.88,100.00
3436,BME280,1731,42.693,23.359,2019-04-09T05:52:00,93679.23,,,12.89,100.00
3436,BME280,1731,42.693,23.359,2019-04-09T05:55:06,93682.87,,,12.90,100.00
3436,BME280,1731,42.693,23.359,2019-04-09T05:57:57,93682.63,,,12.92,100.00
3436,BME280,1731,42.693,23.359,2019-04-09T06:00:46,93689.19,,,12.94,100.00
3436,BME280,1731,42.693,23.359,2019-04-09T06:03:39,93683.77,,,12.98,100.00
3436,BME280,1731,42.693,23.359,2019-04-09T06:06:39,93687.14,,,12.74,100.00
3436,BME280,1731,42.693,23.359,2019-04-09T06:09:26,93689.20,,,12.70,100.00
3436,BME280,1731,42.693,23.359,2019-04-09T06:11:57,93691.19,,,12.63,100.00
3436,BME280,1731,42.693,23.359,2019-04-09T06:14:32,93692.49,,,12.84,100.00
3436,BME280,1731,42.693,23.359,2019-04-09T06:17:03,93694.17,,,12.96,100.00
3436,BME280,1731,42.693,23.359,2019-04-09T06:19:36,93696.55,,,12.75,100.00
3436,BME280,1731,42.693,23.359,2019-04-09T06:22:09,93699.88,,,12.93,100.00
3436,BME280,1731,42.693,23.359,2019-04-09T06:24:40,93699.70,,,12.99,100.00
3436,BME280,1731,42.693,23.359,2019-04-09T06:27:13,93696.72,,,12.88,100.00
3436,BME280,1731,42.693,23.359,2019-04-09T06:29:45,93702.86,,,13.01,100.00
3436,BME280,1731,42.693,23.359,2019-04-09T06:32:16,93700.83,,,13.06,100.00
3436,BME280,1731,42.693,23.359,2019-04-09T06:35:08,93703.39,,,12.79,100.00
3436,BME280,1731,42.693,23.359,2019-04-09T06:38:00,93706.54,,,13.03,100.00
3436,BME280,1731,42.693,23.359,2019-04-09T06:41:03,93711.32,,,12.86,100.00
3436,BME280,1731,42.693,23.359,2019-04-09T06:43:44,93708.98,,,12.90,100.00
3436,BME280,1731,42.693,23.359,2019-04-09T06:46:32,93715.38,,,12.99,100.00
3436,BME280,1731,42.693,23.359,2019-04-09T06:49:27,93721.73,,,12.84,100.00
3436,BME280,1731,42.693,23.359,2019-04-09T06:52:26,93722.62,,,12.73,100.00
3436,BME280,1731,42.693,23.359,2019-04-09T06:55:03,93729.59,,,12.45,100.00
3436,BME280,1731,42.693,23.359,2019-04-09T06:57:58,93732.88,,,12.38,100.00
3436,BME280,1731,42.693,23.359,2019-04-09T07:00:45,93730.73,,,12.55,100.00
3436,BME280,1731,42.693,23.359,2019-04-09T07:03:38,93735.76,,,12.59,100.00
3436,BME280,1731,42.693,23.359,2019-04-09T07:06:27,93738.64,,,12.60,100.00
3436,BME280,1731,42.693,23.359,2019-04-09T07:09:17,93743.39,,,12.63,100.00
3436,BME280,1731,42.693,23.359,2019-04-09T07:12:05,93740.65,,,12.72,100.00
3436,BME280,1731,42.693,23.359,2019-04-09T07:14:56,93748.80,,,12.78,100.00
3436,BME280,1731,42.693,23.359,2019-04-09T07:17:40,93748.32,,,12.81,100.00
3436,BME280,1731,42.693,23.359,2019-04-09T07:20:31,93760.38,,,12.84,100.00
3436,BME280,1731,42.693,23.359,2019-04-09T07:23:30,93759.09,,,12.65,100.00
3436,BME280,1731,42.693,23.359,2019-04-09T07:26:22,93760.38,,,12.84,100.00
3436,BME280,1731,42.693,23.359,2019-04-09T07:29:11,93758.77,,,12.62,100.00
3436,BME280,1731,42.693,23.359,2019-04-09T07:32:08,93765.34,,,12.64,100.00
3436,BME280,1731,42.693,23.359,2019-04-09T07:35:02,93763.64,,,12.56,100.00
3436,BME280,1731,42.693,23.359,2019-04-09T07:37:52,93769.14,,,12.21,100.00
3436,BME280,1731,42.693,23.359,2019-04-09T07:40:41,93769.27,,,12.28,100.00
3436,BME280,1731,42.693,23.359,2019-04-09T07:43:29,93766.06,,,12.07,100.00
3436,BME280,1731,42.693,23.359,2019-04-09T07:46:17,93771.23,,,12.21,100.00
3436,BME280,1731,42.693,23.359,2019-04-09T07:48:56,93770.95,,,12.20,100.00
3436,BME280,1731,42.693,23.359,2019-04-09T07:51:38,93775.78,,,12.28,100.00
3436,BME280,1731,42.693,23.359,2019-04-09T07:54:37,93773.91,,,12.43,100.00
3436,BME280,1731,42.693,23.359,2019-04-09T07:57:35,93768.43,,,12.25,100.00
3436,BME280,1731,42.693,23.359,2019-04-09T08:00:41,93782.86,,,12.30,100.00
3436,BME280,1731,42.693,23.359,2019-04-09T08:03:23,93777.03,,,12.42,100.00
3436,BME280,1731,42.693,23.359,2019-04-09T08:06:15,93778.77,,,12.37,100.00
3436,BME280,1731,42.693,23.359,2019-04-09T08:09:06,93779.64,,,12.42,100.00
3436,BME280,1731,42.693,23.359,2019-04-09T08:11:56,93775.89,,,12.53,100.00
3436,BME280,1731,42.693,23.359,2019-04-09T08:14:37,93782.97,,,12.21,100.00
3436,BME280,1731,42.693,23.359,2019-04-09T08:17:29,93785.53,,,12.02,100.00
3436,BME280,1731,42.693,23.359,2019-04-09T08:20:19,93791.02,,,12.17,100.00
3436,BME280,1731,42.693,23.359,2019-04-09T08:23:08,93780.27,,,12.13,100.00
3436,BME280,1731,42.693,23.359,2019-04-09T08:26:09,93786.97,,,12.09,100.00
3436,BME280,1731,42.693,23.359,2019-04-09T08:29:01,93787.06,,,11.83,100.00
3436,BME280,1731,42.693,23.359,2019-04-09T08:31:59,93784.69,,,11.96,100.00
3436,BME280,1731,42.693,23.359,2019-04-09T08:34:50,93785.43,,,11.94,100.00
3436,BME280,1731,42.693,23.359,2019-04-09T08:37:41,93782.87,,,12.13,100.00
3436,BME280,1731,42.693,23.359,2019-04-09T08:40:28,93792.46,,,11.94,100.00
3436,BME280,1731,42.693,23.359,2019-04-09T08:43:30,93791.16,,,12.27,100.00
3436,BME280,1731,42.693,23.359,2019-04-09T08:46:21,93789.30,,,12.25,100.00
3436,BME280,1731,42.693,23.359,2019-04-09T08:49:17,93790.60,,,12.25,100.00
3436,BME280,1731,42.693,23.359,2019-04-09T08:52:05,93793.11,,,12.34,100.00
3436,BME280,1731,42.693,23.359,2019-04-09T08:54:47,93793.91,,,12.37,100.00
3436,BME280,1731,42.693,23.359,2019-04-09T08:57:22,93794.11,,,12.50,100.00
3436,BME280,1731,42.693,23.359,2019-04-09T08:59:57,93794.92,,,12.34,100.00
3436,BME280,1731,42.693,23.359,2019-04-09T09:02:58,93791.02,,,12.36,100.00
3436,BME280,1731,42.693,23.359,2019-04-09T09:05:40,93796.93,,,12.29,100.00
3436,BME280,1731,42.693,23.359,2019-04-09T09:08:42,93798.33,,,12.34,100.00
3436,BME280,1731,42.693,23.359,2019-04-09T09:11:33,93792.09,,,12.21,100.00
3436,BME280,1731,42.693,23.359,2019-04-09T09:14:25,93800.66,,,12.33,100.00
3436,BME280,1731,42.693,23.359,2019-04-09T09:17:07,93796.23,,,12.34,100.00
3436,BME280,1731,42.693,23.359,2019-04-09T09:19:47,93803.92,,,12.26,100.00
3436,BME280,1731,42.693,23.359,2019-04-09T09:22:26,93801.19,,,12.18,100.00
3436,BME280,1731,42.693,23.359,2019-04-09T09:25:19,93804.02,,,12.31,100.00
3436,BME280,1731,42.693,23.359,2019-04-09T09:28:00,93801.58,,,12.44,100.00
3436,BME280,1731,42.693,23.359,2019-04-09T09:30:49,93802.78,,,12.56,100.00
3436,BME280,1731,42.693,23.359,2019-04-09T09:33:56,93799.55,,,12.65,100.00
3436,BME280,1731,42.693,23.359,2019-04-09T09:36:47,93800.27,,,12.80,100.00
3436,BME280,1731,42.693,23.359,2019-04-09T09:39:52,93805.75,,,13.00,100.00
3436,BME280,1731,42.693,23.359,2019-04-09T09:42:38,93803.14,,,13.00,100.00
3436,BME280,1731,42.693,23.359,2019-04-09T09:45:19,93797.98,,,13.25,100.00
3436,BME280,1731,42.693,23.359,2019-04-09T09:48:29,93802.17,,,13.50,100.00
3436,BME280,1731,42.693,23.359,2019-04-09T09:51:18,93802.91,,,13.45,99.19
3436,BME280,1731,42.693,23.359,2019-04-09T09:54:16,93798.91,,,13.38,99.95
3436,BME280,1731,42.693,23.359,2019-04-09T09:57:20,93798.73,,,13.47,97.30
3436,BME280,1731,42.693,23.359,2019-04-09T10:00:12,93798.28,,,13.52,95.88
3436,BME280,1731,42.693,23.359,2019-04-09T10:03:05,93797.09,,,13.38,96.67
3436,BME280,1731,42.693,23.359,2019-04-09T10:05:48,93796.00,,,13.34,98.61
3436,BME280,1731,42.693,23.359,2019-04-09T10:08:44,93798.50,,,13.48,97.80
3436,BME280,1731,42.693,23.359,2019-04-09T10:11:43,93799.56,,,13.50,97.42
3436,BME280,1731,42.693,23.359,2019-04-09T10:14:34,93800.12,,,13.30,94.42
3436,BME280,1731,42.693,23.359,2019-04-09T10:17:31,93808.20,,,13.29,93.81
3436,BME280,1731,42.693,23.359,2019-04-09T10:20:23,93803.80,,,13.32,96.17
3436,BME280,1731,42.693,23.359,2019-04-09T10:23:08,93805.52,,,13.43,97.59
3436,BME280,1731,42.693,23.359,2019-04-09T10:25:59,93802.27,,,13.58,96.03
3436,BME280,1731,42.693,23.359,2019-04-09T10:29:03,93803.55,,,13.55,93.80
3436,BME280,1731,42.693,23.359,2019-04-09T10:31:52,93806.70,,,13.57,93.58
3436,BME280,1731,42.693,23.359,2019-04-09T10:34:44,93807.16,,,13.51,94.70
3436,BME280,1731,42.693,23.359,2019-04-09T10:37:36,93810.41,,,13.61,94.11
3436,BME280,1731,42.693,23.359,2019-04-09T10:40:26,93803.42,,,13.45,96.06
3436,BME280,1731,42.693,23.359,2019-04-09T10:43:08,93805.67,,,13.58,96.06
3436,BME280,1731,42.693,23.359,2019-04-09T10:46:04,93806.82,,,13.43,94.79
3436,BME280,1731,42.693,23.359,2019-04-09T10:48:45,93808.56,,,13.59,94.81
3436,BME280,1731,42.693,23.359,2019-04-09T10:51:34,93808.20,,,13.75,93.02
3436,BME280,1731,42.693,23.359,2019-04-09T10:54:18,93804.41,,,13.90,93.16
3436,BME280,1731,42.693,23.359,2019-04-09T10:57:11,93806.92,,,13.77,94.70
3436,BME280,1731,42.693,23.359,2019-04-09T10:59:51,93807.44,,,13.77,93.38
3436,BME280,1731,42.693,23.359,2019-04-09T11:02:40,93804.58,,,13.78,93.76
3436,BME280,1731,42.693,23.359,2019-04-09T11:05:38,93807.53,,,13.63,94.84
3436,BME280,1731,42.693,23.359,2019-04-09T11:08:29,93814.06,,,13.60,93.89
3436,BME280,1731,42.693,23.359,2019-04-09T11:11:14,93811.11,,,13.78,94.81
3436,BME280,1731,42.693,23.359,2019-04-09T11:13:54,93817.44,,,13.58,96.34
3436,BME280,1731,42.693,23.359,2019-04-09T11:16:36,93814.95,,,13.71,96.48
3436,BME280,1731,42.693,23.359,2019-04-09T11:19:26,93829.84,,,13.70,97.69
3436,BME280,1731,42.693,23.359,2019-04-09T11:22:18,93824.52,,,13.60,97.05
3436,BME280,1731,42.693,23.359,2019-04-09T11:25:10,93826.42,,,13.43,97.93
3436,BME280,1731,42.693,23.359,2019-04-09T11:28:00,93835.81,,,13.41,98.25
3436,BME280,1731,42.693,23.359,2019-04-09T11:30:48,93837.46,,,13.28,97.75
3436,BME280,1731,42.693,23.359,2019-04-09T11:33:31,93837.63,,,13.19,98.66
3436,BME280,1731,42.693,23.359,2019-04-09T11:36:26,93836.83,,,13.18,99.06
3436,BME280,1731,42.693,23.359,2019-04-09T11:39:17,93833.69,,,13.00,100.00
3436,BME280,1731,42.693,23.359,2019-04-09T11:42:10,93830.95,,,12.90,100.00
3436,BME280,1731,42.693,23.359,2019-04-09T11:45:00,93830.64,,,12.86,100.00
3436,BME280,1731,42.693,23.359,2019-04-09T11:47:49,93832.38,,,13.00,100.00
3436,BME280,1731,42.693,23.359,2019-04-09T11:50:44,93834.00,,,12.84,100.00
3436,BME280,1731,42.693,23.359,2019-04-09T11:53:35,93831.36,,,12.81,100.00
3436,BME280,1731,42.693,23.359,2019-04-09T11:56:31,93837.20,,,12.89,100.00
3436,BME280,1731,42.693,23.359,2019-04-09T11:59:09,93842.75,,,12.95,100.00
3436,BME280,1731,42.693,23.359,2019-04-09T12:01:58,93835.91,,,12.89,100.00
3436,BME280,1731,42.693,23.359,2019-04-09T12:04:40,93837.25,,,12.74,100.00
3436,BME280,1731,42.693,23.359,2019-04-09T12:07:28,93838.79,,,12.73,100.00
3436,BME280,1731,42.693,23.359,2019-04-09T12:10:07,93840.36,,,12.38,100.00
3436,BME280,1731,42.693,23.359,2019-04-09T12:12:58,93840.72,,,12.27,100.00
3436,BME280,1731,42.693,23.359,2019-04-09T12:15:52,93847.70,,,12.07,100.00
3436,BME280,1731,42.693,23.359,2019-04-09T12:18:51,93840.48,,,12.12,100.00
3436,BME280,1731,42.693,23.359,2019-04-09T12:21:34,93848.80,,,11.95,100.00
3436,BME280,1731,42.693,23.359,2019-04-09T12:24:27,93850.80,,,11.90,100.00
3436,BME280,1731,42.693,23.359,2019-04-09T12:27:23,93848.25,,,11.78,100.00
3436,BME280,1731,42.693,23.359,2019-04-09T12:30:17,93856.30,,,11.77,99.24
3436,BME280,1731,42.693,23.359,2019-04-09T12:33:03,93852.14,,,11.93,98.38
3436,BME280,1731,42.693,23.359,2019-04-09T12:36:07,93854.81,,,11.69,91.83
3436,BME280,1731,42.693,23.359,2019-04-09T12:39:01,93850.98,,,11.86,91.54
3436,BME280,1731,42.693,23.359,2019-04-09T12:41:51,93859.32,,,12.00,90.59
3436,BME280,1731,42.693,23.359,2019-04-09T12:44:46,93861.16,,,12.16,88.82
3436,BME280,1731,42.693,23.359,2019-04-09T12:47:33,93851.23,,,12.15,91.42
3436,BME280,1731,42.693,23.359,2019-04-09T12:50:31,93857.30,,,12.35,90.69
3436,BME280,1731,42.693,23.359,2019-04-09T12:53:14,93860.38,,,12.49,87.67
3436,BME280,1731,42.693,23.359,2019-04-09T12:55:59,93861.04,,,12.42,86.16
3436,BME280,1731,42.693,23.359,2019-04-09T12:59:02,93857.81,,,12.35,86.05
3436,BME280,1731,42.693,23.359,2019-04-09T13:01:55,93857.59,,,11.91,84.33
3436,BME280,1731,42.693,23.359,2019-04-09T13:04:52,93860.71,,,11.91,84.16
3436,BME280,1731,42.693,23.359,2019-04-09T13:07:43,93865.87,,,11.88,88.03
3436,BME280,1731,42.693,23.359,2019-04-09T13:10:29,93862.94,,,11.85,85.14
3436,BME280,1731,42.693,23.359,2019-04-09T13:13:18,93864.55,,,11.74,83.97
3436,BME280,1731,42.693,23.359,2019-04-09T13:16:11,93865.22,,,11.15,84.19
3436,BME280,1731,42.693,23.359,2019-04-09T13:19:13,93876.45,,,11.04,84.79
3436,BME280,1731,42.693,23.359,2019-04-09T13:22:11,93869.16,,,10.80,87.10
3436,BME280,1731,42.693,23.359,2019-04-09T13:25:12,93876.23,,,10.82,87.78
3436,BME280,1731,42.693,23.359,2019-04-09T13:28:09,93882.25,,,10.71,89.42
3436,BME280,1731,42.693,23.359,2019-04-09T13:30:50,93885.70,,,10.74,90.04
3436,BME280,1731,42.693,23.359,2019-04-09T13:33:36,93891.55,,,10.58,89.19
3436,BME280,1731,42.693,23.359,2019-04-09T13:36:40,93887.27,,,10.63,90.41
3436,BME280,1731,42.693,23.359,2019-04-09T13:39:25,93894.05,,,10.53,92.82
3436,BME280,1731,42.693,23.359,2019-04-09T13:42:05,93893.13,,,10.59,90.96
3436,BME280,1731,42.693,23.359,2019-04-09T13:44:42,93899.41,,,10.49,92.66
3436,BME280,1731,42.693,23.359,2019-04-09T13:47:19,93898.72,,,10.41,93.24
3436,BME280,1731,42.693,23.359,2019-04-09T13:49:57,93898.27,,,10.44,93.83
3436,BME280,1731,42.693,23.359,2019-04-09T13:52:54,93908.17,,,10.45,93.86
3436,BME280,1731,42.693,23.359,2019-04-09T13:55:27,93908.08,,,10.52,95.58
3436,BME280,1731,42.693,23.359,2019-04-09T13:57:57,93909.44,,,10.66,94.79
3436,BME280,1731,42.693,23.359,2019-04-09T14:00:28,93908.88,,,10.64,96.34
3436,BME280,1731,42.693,23.359,2019-04-09T14:03:02,93914.80,,,10.62,94.72
3436,BME280,1731,42.693,23.359,2019-04-09T14:05:58,93915.38,,,10.75,94.45
3436,BME280,1731,42.693,23.359,2019-04-09T14:08:32,93921.88,,,10.64,93.93
3436,BME280,1731,42.693,23.359,2019-04-09T14:11:03,93919.91,,,10.68,95.62
3436,BME280,1731,42.693,23.359,2019-04-09T14:13:35,93923.84,,,10.59,94.57
3436,BME280,1731,42.693,23.359,2019-04-09T14:16:09,93924.98,,,10.63,96.12
3436,BME280,1731,42.693,23.359,2019-04-09T14:18:40,93927.72,,,10.80,96.17
3436,BME280,1731,42.693,23.359,2019-04-09T14:21:12,93931.34,,,10.67,94.48
3436,BME280,1731,42.693,23.359,2019-04-09T14:23:43,93935.37,,,10.84,94.56
3436,BME280,1731,42.693,23.359,2019-04-09T14:26:14,93939.33,,,10.87,95.60
3436,BME280,1731,42.693,23.359,2019-04-09T14:28:48,93929.75,,,11.13,95.16
3436,BME280,1731,42.693,23.359,2019-04-09T14:31:21,93937.17,,,10.95,94.16
3436,BME280,1731,42.693,23.359,2019-04-09T14:33:51,93934.80,,,10.82,96.02
3436,BME280,1731,42.693,23.359,2019-04-09T14:36:21,93934.57,,,10.72,94.91
3436,BME280,1731,42.693,23.359,2019-04-09T14:38:56,93941.71,,,10.88,95.22
3436,BME280,1731,42.693,23.359,2019-04-09T14:41:27,93938.66,,,10.91,95.60
3436,BME280,1731,42.693,23.359,2019-04-09T14:43:58,93941.30,,,10.82,96.14
3436,BME280,1731,42.693,23.359,2019-04-09T14:46:29,93941.46,,,10.78,95.69
3436,BME280,1731,42.693,23.359,2019-04-09T14:49:01,93942.91,,,11.06,95.52
3436,BME280,1731,42.693,23.359,2019-04-09T14:51:33,93939.04,,,10.97,97.04
3436,BME280,1731,42.693,23.359,2019-04-09T14:54:05,93940.28,,,10.95,95.96
3436,BME280,1731,42.693,23.359,2019-04-09T14:56:35,93945.80,,,11.07,93.82
3436,BME280,1731,42.693,23.359,2019-04-09T14:59:08,93935.05,,,11.30,94.34
3436,BME280,1731,42.693,23.359,2019-04-09T15:01:41,93936.98,,,11.46,95.12
3436,BME280,1731,42.693,23.359,2019-04-09T15:04:13,93937.66,,,11.30,94.54
3436,BME280,1731,42.693,23.359,2019-04-09T15:06:45,93939.22,,,11.54,94.77
3436,BME280,1731,42.693,23.359,2019-04-09T15:09:17,93949.66,,,11.31,95.12
3436,BME280,1731,42.693,23.359,2019-04-09T15:11:50,93944.97,,,11.42,94.49
3436,BME280,1731,42.693,23.359,2019-04-09T15:14:21,93943.63,,,11.28,95.17
3436,BME280,1731,42.693,23.359,2019-04-09T15:16:54,93946.33,,,11.33,96.43
3436,BME280,1731,42.693,23.359,2019-04-09T15:19:25,93940.63,,,11.22,95.33
3436,BME280,1731,42.693,23.359,2019-04-09T15:21:59,93944.68,,,11.29,95.87
3436,BME280,1731,42.693,23.359,2019-04-09T15:24:55,93940.38,,,11.35,95.73
3436,BME280,1731,42.693,23.359,2019-04-09T15:27:27,93944.59,,,11.62,94.36
3436,BME280,1731,42.693,23.359,2019-04-09T15:29:59,93946.88,,,11.72,95.08
3436,BME280,1731,42.693,23.359,2019-04-09T15:32:31,93956.85,,,11.75,96.34
3436,BME280,1731,42.693,23.359,2019-04-09T15:35:04,93944.31,,,11.49,96.04
3436,BME280,1731,42.693,23.359,2019-04-09T15:37:37,93947.91,,,11.34,95.05
3436,BME280,1731,42.693,23.359,2019-04-09T15:40:08,93955.25,,,11.60,94.74
3436,BME280,1731,42.693,23.359,2019-04-09T15:42:39,93949.24,,,11.60,96.12
3436,BME280,1731,42.693,23.359,2019-04-09T15:45:11,93959.83,,,11.79,95.45
3436,BME280,1731,42.693,23.359,2019-04-09T15:47:44,93958.19,,,11.64,94.31
3436,BME280,1731,42.693,23.359,2019-04-09T15:50:18,93955.98,,,11.58,94.41
3436,BME280,1731,42.693,23.359,2019-04-09T15:52:49,93955.22,,,11.46,96.10
3436,BME280,1731,42.693,23.359,2019-04-09T15:55:21,93952.50,,,11.41,96.24
3436,BME280,1731,42.693,23.359,2019-04-09T15:57:52,93959.06,,,11.32,96.51
3436,BME280,1731,42.693,23.359,2019-04-09T16:00:24,93958.17,,,11.14,96.18
3436,BME280,1731,42.693,23.359,2019-04-09T16:02:56,93963.90,,,10.91,98.66
3436,BME280,1731,42.693,23.359,2019-04-09T16:05:27,93969.33,,,10.89,100.00
3436,BME280,1731,42.693,23.359,2019-04-09T16:07:58,93974.66,,,11.06,98.86
3436,BME280,1731,42.693,23.359,2019-04-09T16:10:31,93970.22,,,10.95,99.75
3436,BME280,1731,42.693,23.359,2019-04-09T16:13:05,93972.84,,,11.06,100.00
3436,BME280,1731,42.693,23.359,2019-04-09T16:15:38,93979.41,,,11.21,100.00
3436,BME280,1731,42.693,23.359,2019-04-09T16:18:10,93976.30,,,11.21,100.00
3436,BME280,1731,42.693,23.359,2019-04-09T16:20:42,93977.59,,,11.21,100.00
3436,BME280,1731,42.693,23.359,2019-04-09T16:23:14,93982.50,,,10.97,100.00
3436,BME280,1731,42.693,23.359,2019-04-09T16:25:46,93986.85,,,10.94,100.00
3436,BME280,1731,42.693,23.359,2019-04-09T16:28:19,93981.33,,,11.02,100.00
3436,BME280,1731,42.693,23.359,2019-04-09T16:30:52,93993.87,,,10.93,100.00
3436,BME280,1731,42.693,23.359,2019-04-09T16:33:22,93985.04,,,10.94,100.00
3436,BME280,1731,42.693,23.359,2019-04-09T16:35:56,93988.16,,,10.94,100.00
3436,BME280,1731,42.693,23.359,2019-04-09T16:38:28,93990.25,,,10.94,100.00
3436,BME280,1731,42.693,23.359,2019-04-09T16:41:01,93994.05,,,11.01,100.00
3436,BME280,1731,42.693,23.359,2019-04-09T16:43:33,93996.59,,,10.98,100.00
3436,BME280,1731,42.693,23.359,2019-04-09T16:46:04,93995.83,,,11.21,100.00
3436,BME280,1731,42.693,23.359,2019-04-09T16:48:38,93998.58,,,11.29,100.00
3436,BME280,1731,42.693,23.359,2019-04-09T16:51:11,94001.31,,,11.34,100.00
3436,BME280,1731,42.693,23.359,2019-04-09T16:53:43,94000.65,,,11.27,100.00
3436,BME280,1731,42.693,23.359,2019-04-09T16:56:15,94010.05,,,10.84,100.00
3436,BME280,1731,42.693,23.359,2019-04-09T16:58:48,94013.80,,,10.88,100.00
3436,BME280,1731,42.693,23.359,2019-04-09T17:01:20,94015.55,,,10.64,100.00
3436,BME280,1731,42.693,23.359,2019-04-09T17:03:55,94012.17,,,10.75,100.00
3436,BME280,1731,42.693,23.359,2019-04-09T17:06:26,94012.21,,,10.87,100.00
3436,BME280,1731,42.693,23.359,2019-04-09T17:08:57,94010.97,,,10.89,100.00
3436,BME280,1731,42.693,23.359,2019-04-09T17:11:30,94012.88,,,10.82,100.00
3436,BME280,1731,42.693,23.359,2019-04-09T17:14:06,94017.22,,,10.79,100.00
3436,BME280,1731,42.693,23.359,2019-04-09T17:16:37,94025.16,,,10.63,100.00
3436,BME280,1731,42.693,23.359,2019-04-09T17:19:09,94025.79,,,10.47,100.00
3436,BME280,1731,42.693,23.359,2019-04-09T17:21:42,94025.78,,,10.56,100.00
3436,BME280,1731,42.693,23.359,2019-04-09T17:24:14,94029.19,,,10.48,100.00
3436,BME280,1731,42.693,23.359,2019-04-09T17:26:45,94030.67,,,10.76,100.00
3436,BME280,1731,42.693,23.359,2019-04-09T17:29:17,94039.76,,,10.85,100.00
3436,BME280,1731,42.693,23.359,2019-04-09T17:31:47,94038.30,,,10.89,100.00
3436,BME280,1731,42.693,23.359,2019-04-09T17:34:18,94042.63,,,10.74,100.00
3436,BME280,1731,42.693,23.359,2019-04-09T17:36:50,94046.92,,,10.81,100.00
3436,BME280,1731,42.693,23.359,2019-04-09T17:39:22,94045.99,,,10.96,100.00
3436,BME280,1731,42.693,23.359,2019-04-09T17:41:53,94048.16,,,10.99,100.00
3436,BME280,1731,42.693,23.359,2019-04-09T17:44:26,94055.02,,,11.02,100.00
3436,BME280,1731,42.693,23.359,2019-04-09T17:46:56,94052.19,,,11.04,100.00
3436,BME280,1731,42.693,23.359,2019-04-09T17:49:30,94046.98,,,11.16,100.00
3436,BME280,1731,42.693,23.359,2019-04-09T17:52:03,94046.48,,,11.04,100.00
3436,BME280,1731,42.693,23.359,2019-04-09T17:54:34,94054.77,,,11.25,100.00
3436,BME280,1731,42.693,23.359,2019-04-09T17:57:07,94064.55,,,11.08,100.00
3436,BME280,1731,42.693,23.359,2019-04-09T17:59:37,94069.45,,,11.28,100.00
3436,BME280,1731,42.693,23.359,2019-04-09T18:02:09,94067.66,,,11.20,100.00
3436,BME280,1731,42.693,23.359,2019-04-09T18:04:42,94068.62,,,11.16,100.00
3436,BME280,1731,42.693,23.359,2019-04-09T18:07:15,94069.34,,,11.02,100.00
3436,BME280,1731,42.693,23.359,2019-04-09T18:09:48,94070.71,,,11.17,100.00
3436,BME280,1731,42.693,23.359,2019-04-09T18:12:19,94076.05,,,11.10,100.00
3436,BME280,1731,42.693,23.359,2019-04-09T18:14:52,94086.41,,,10.98,100.00
3436,BME280,1731,42.693,23.359,2019-04-09T18:17:24,94080.67,,,11.08,100.00
3436,BME280,1731,42.693,23.359,2019-04-09T18:19:55,94092.54,,,10.83,100.00
3436,BME280,1731,42.693,23.359,2019-04-09T18:22:26,94093.77,,,10.90,100.00
3436,BME280,1731,42.693,23.359,2019-04-09T18:24:58,94098.62,,,10.77,100.00
3436,BME280,1731,42.693,23.359,2019-04-09T18:27:29,94102.74,,,10.75,100.00
3436,BME280,1731,42.693,23.359,2019-04-09T18:30:03,94104.73,,,10.62,100.00
3436,BME280,1731,42.693,23.359,2019-04-09T18:32:35,94106.35,,,10.54,100.00
3436,BME280,1731,42.693,23.359,2019-04-09T18:35:06,94104.66,,,10.59,100.00
3436,BME280,1731,42.693,23.359,2019-04-09T18:37:40,94104.80,,,10.64,100.00
3436,BME280,1731,42.693,23.359,2019-04-09T18:40:12,94099.89,,,10.65,100.00
3436,BME280,1731,42.693,23.359,2019-04-09T18:42:44,94104.88,,,10.58,100.00
3436,BME280,1731,42.693,23.359,2019-04-09T18:45:16,94115.23,,,10.46,100.00
3436,BME280,1731,42.693,23.359,2019-04-09T18:47:49,94116.16,,,10.61,100.00
3436,BME280,1731,42.693,23.359,2019-04-09T18:50:21,94121.89,,,10.51,100.00
3436,BME280,1731,42.693,23.359,2019-04-09T18:52:53,94125.98,,,10.59,100.00
3436,BME280,1731,42.693,23.359,2019-04-09T18:55:25,94130.46,,,10.70,100.00
3436,BME280,1731,42.693,23.359,2019-04-09T18:57:56,94124.95,,,10.99,100.00
3436,BME280,1731,42.693,23.359,2019-04-09T19:00:35,94122.16,,,11.12,100.00
3436,BME280,1731,42.693,23.359,2019-04-09T19:03:07,94118.67,,,11.18,100.00
3436,BME280,1731,42.693,23.359,2019-04-09T19:05:38,94123.30,,,10.95,100.00
3436,BME280,1731,42.693,23.359,2019-04-09T19:08:11,94122.68,,,10.91,100.00
3436,BME280,1731,42.693,23.359,2019-04-09T19:10:43,94119.95,,,11.06,100.00
3436,BME280,1731,42.693,23.359,2019-04-09T19:13:14,94120.39,,,11.24,100.00
3436,BME280,1731,42.693,23.359,2019-04-09T19:15:45,94122.57,,,10.97,100.00
3436,BME280,1731,42.693,23.359,2019-04-09T19:18:16,94124.14,,,11.07,100.00
3436,BME280,1731,42.693,23.359,2019-04-09T19:20:47,94126.34,,,11.13,100.00
3436,BME280,1731,42.693,23.359,2019-04-09T19:23:18,94131.95,,,11.07,100.00
3436,BME280,1731,42.693,23.359,2019-04-09T19:25:49,94134.69,,,10.92,100.00
3436,BME280,1731,42.693,23.359,2019-04-09T19:28:21,94126.13,,,10.73,100.00
3436,BME280,1731,42.693,23.359,2019-04-09T19:30:51,94128.83,,,10.87,100.00
3436,BME280,1731,42.693,23.359,2019-04-09T19:33:27,94125.37,,,10.75,100.00
3436,BME280,1731,42.693,23.359,2019-04-09T19:35:57,94126.66,,,10.54,100.00
3436,BME280,1731,42.693,23.359,2019-04-09T19:38:29,94123.30,,,10.74,100.00
3436,BME280,1731,42.693,23.359,2019-04-09T19:41:01,94123.63,,,10.87,100.00
3436,BME280,1731,42.693,23.359,2019-04-09T19:43:33,94129.30,,,10.66,100.00
3436,BME280,1731,42.693,23.359,2019-04-09T19:46:05,94133.75,,,10.77,100.00
3436,BME280,1731,42.693,23.359,2019-04-09T19:48:39,94134.94,,,10.72,100.00
3436,BME280,1731,42.693,23.359,2019-04-09T19:51:12,94126.41,,,10.65,100.00
3436,BME280,1731,42.693,23.359,2019-04-09T19:53:44,94124.42,,,10.78,100.00
3436,BME280,1731,42.693,23.359,2019-04-09T19:56:17,94132.73,,,10.87,100.00
3436,BME280,1731,42.693,23.359,2019-04-09T19:58:49,94127.57,,,10.60,100.00
3436,BME280,1731,42.693,23.359,2019-04-09T20:01:22,94131.87,,,10.84,100.00
3436,BME280,1731,42.693,23.359,2019-04-09T20:03:54,94132.16,,,10.85,100.00
3436,BME280,1731,42.693,23.359,2019-04-09T20:06:24,94123.73,,,10.71,100.00
3436,BME280,1731,42.693,23.359,2019-04-09T20:08:56,94130.46,,,10.70,100.00
3436,BME280,1731,42.693,23.359,2019-04-09T20:11:30,94121.50,,,10.66,100.00
3436,BME280,1731,42.693,23.359,2019-04-09T20:14:01,94122.05,,,10.77,100.00
3436,BME280,1731,42.693,23.359,2019-04-09T20:16:31,94123.05,,,10.76,100.00
3436,BME280,1731,42.693,23.359,2019-04-09T20:19:02,94121.48,,,10.96,100.00
3436,BME280,1731,42.693,23.359,2019-04-09T20:21:32,94118.31,,,11.14,100.00
3436,BME280,1731,42.693,23.359,2019-04-09T20:24:03,94118.30,,,11.03,100.00
3436,BME280,1731,42.693,23.359,2019-04-09T20:26:34,94113.55,,,11.11,100.00
3436,BME280,1731,42.693,23.359,2019-04-09T20:29:06,94116.84,,,11.28,100.00
3436,BME280,1731,42.693,23.359,2019-04-09T20:31:37,94116.28,,,11.17,100.00
3436,BME280,1731,42.693,23.359,2019-04-09T20:34:07,94122.20,,,11.24,100.00
3436,BME280,1731,42.693,23.359,2019-04-09T20:36:39,94125.67,,,11.38,99.68
3436,BME280,1731,42.693,23.359,2019-04-09T20:39:11,94121.70,,,11.36,99.78
3436,BME280,1731,42.693,23.359,2019-04-09T20:41:42,94121.77,,,11.50,99.05
3436,BME280,1731,42.693,23.359,2019-04-09T20:44:14,94128.09,,,11.63,98.41
3436,BME280,1731,42.693,23.359,2019-04-09T20:46:46,94127.40,,,11.68,98.09
3436,BME280,1731,42.693,23.359,2019-04-09T20:49:18,94130.52,,,11.67,97.68
3436,BME280,1731,42.693,23.359,2019-04-09T20:51:49,94118.72,,,11.65,97.39
3436,BME280,1731,42.693,23.359,2019-04-09T20:54:19,94126.25,,,11.52,97.84
3436,BME280,1731,42.693,23.359,2019-04-09T20:57:11,94124.89,,,11.49,98.30
3436,BME280,1731,42.693,23.359,2019-04-09T20:59:42,94128.06,,,11.40,98.73
3436,BME280,1731,42.693,23.359,2019-04-09T21:02:32,94128.06,,,11.40,99.16
3436,BME280,1731,42.693,23.359,2019-04-09T21:05:20,94129.96,,,11.33,99.31
3436,BME280,1731,42.693,23.359,2019-04-09T21:07:51,94132.85,,,11.34,99.42
3436,BME280,1731,42.693,23.359,2019-04-09T21:10:21,94137.63,,,11.37,99.32
3436,BME280,1731,42.693,23.359,2019-04-09T21:12:52,94136.00,,,11.45,99.34
3436,BME280,1731,42.693,23.359,2019-04-09T21:15:23,94132.20,,,11.50,99.74
3436,BME280,1731,42.693,23.359,2019-04-09T21:17:54,94133.84,,,11.54,99.70
3436,BME280,1731,42.693,23.359,2019-04-09T21:20:26,94139.28,,,11.52,99.23
3436,BME280,1731,42.693,23.359,2019-04-09T21:22:57,94145.45,,,11.48,99.03
3436,BME280,1731,42.693,23.359,2019-04-09T21:25:28,94144.14,,,11.48,98.98
3436,BME280,1731,42.693,23.359,2019-04-09T21:27:59,94143.41,,,11.51,99.05
3436,BME280,1731,42.693,23.359,2019-04-09T21:30:31,94154.92,,,11.52,99.25
3436,BME280,1731,42.693,23.359,2019-04-09T21:33:02,94147.83,,,11.50,99.55
3436,BME280,1731,42.693,23.359,2019-04-09T21:35:33,94151.12,,,11.45,99.84
3436,BME280,1731,42.693,23.359,2019-04-09T21:38:05,94143.91,,,11.38,100.00
3436,BME280,1731,42.693,23.359,2019-04-09T21:40:36,94144.41,,,11.26,100.00
3436,BME280,1731,42.693,23.359,2019-04-09T21:43:08,94144.58,,,11.34,100.00
3436,BME280,1731,42.693,23.359,2019-04-09T21:45:40,94141.62,,,11.30,100.00
3436,BME280,1731,42.693,23.359,2019-04-09T21:48:11,94131.25,,,11.21,100.00
3436,BME280,1731,42.693,23.359,2019-04-09T21:50:42,94129.86,,,11.07,100.00
3436,BME280,1731,42.693,23.359,2019-04-09T21:53:13,94134.56,,,11.07,100.00
3436,BME280,1731,42.693,23.359,2019-04-09T21:55:45,94153.23,,,11.04,100.00
3436,BME280,1731,42.693,23.359,2019-04-09T21:58:17,94146.58,,,10.99,100.00
3436,BME280,1731,42.693,23.359,2019-04-09T22:00:51,94139.24,,,10.87,100.00
3436,BME280,1731,42.693,23.359,2019-04-09T22:03:24,94141.88,,,10.99,100.00
3436,BME280,1731,42.693,23.359,2019-04-09T22:05:54,94137.61,,,10.95,100.00
3436,BME280,1731,42.693,23.359,2019-04-09T22:08:26,94143.83,,,11.03,100.00
3436,BME280,1731,42.693,23.359,2019-04-09T22:10:57,94143.39,,,11.06,100.00
3436,BME280,1731,42.693,23.359,2019-04-09T22:13:29,94144.98,,,11.07,100.00
3436,BME280,1731,42.693,23.359,2019-04-09T22:15:59,94150.51,,,11.11,100.00
3436,BME280,1731,42.693,23.359,2019-04-09T22:18:30,94142.04,,,11.16,100.00
3436,BME280,1731,42.693,23.359,2019-04-09T22:21:00,94139.77,,,11.07,100.00
3436,BME280,1731,42.693,23.359,2019-04-09T22:23:32,94137.19,,,11.19,100.00
3436,BME280,1731,42.693,23.359,2019-04-09T22:26:03,94143.62,,,11.17,100.00
3436,BME280,1731,42.693,23.359,2019-04-09T22:28:33,94137.27,,,11.12,100.00
3436,BME280,1731,42.693,23.359,2019-04-09T22:31:03,94133.66,,,11.13,100.00
3436,BME280,1731,42.693,23.359,2019-04-09T22:33:35,94141.94,,,11.10,100.00
3436,BME280,1731,42.693,23.359,2019-04-09T22:36:06,94136.25,,,11.13,100.00
3436,BME280,1731,42.693,23.359,2019-04-09T22:38:36,94137.73,,,11.09,100.00
3436,BME280,1731,42.693,23.359,2019-04-09T22:41:07,94138.19,,,10.97,100.00
3436,BME280,1731,42.693,23.359,2019-04-09T22:43:41,94134.64,,,11.01,100.00
3436,BME280,1731,42.693,23.359,2019-04-09T22:46:12,94133.84,,,11.00,100.00
3436,BME280,1731,42.693,23.359,2019-04-09T22:48:44,94134.76,,,10.85,100.00
3436,BME280,1731,42.693,23.359,2019-04-09T22:51:15,94131.22,,,10.79,100.00
3436,BME280,1731,42.693,23.359,2019-04-09T22:53:49,94139.09,,,10.91,100.00
3436,BME280,1731,42.693,23.359,2019-04-09T22:56:19,94138.52,,,10.89,100.00
3436,BME280,1731,42.693,23.359,2019-04-09T22:58:51,94146.95,,,10.94,100.00
3436,BME280,1731,42.693,23.359,2019-04-09T23:01:22,94144.34,,,10.94,100.00
3436,BME280,1731,42.693,23.359,2019-04-09T23:04:13,94139.64,,,11.23,100.00
3436,BME280,1731,42.693,23.359,2019-04-09T23:07:08,94131.23,,,11.09,100.00
3436,BME280,1731,42.693,23.359,2019-04-09T23:10:02,94136.10,,,11.18,100.00
3436,BME280,1731,42.693,23.359,2019-04-09T23:12:43,94135.02,,,11.16,100.00
3436,BME280,1731,42.693,23.359,2019-04-09T23:15:15,94131.31,,,11.24,100.00
3436,BME280,1731,42.693,23.359,2019-04-09T23:17:51,94138.58,,,11.12,100.00
3436,BME280,1731,42.693,23.359,2019-04-09T23:20:24,94133.02,,,10.88,100.00
3436,BME280,1731,42.693,23.359,2019-04-09T23:22:55,94139.20,,,10.96,100.00
3436,BME280,1731,42.693,23.359,2019-04-09T23:25:26,94142.04,,,11.16,100.00
3436,BME280,1731,42.693,23.359,2019-04-09T23:27:58,94142.38,,,11.28,100.00
3436,BME280,1731,42.693,23.359,2019-04-09T23:30:31,94141.52,,,11.25,100.00
3436,BME280,1731,42.693,23.359,2019-04-09T23:33:20,94144.98,,,10.98,100.00
3436,BME280,1731,42.693,23.359,2019-04-09T23:35:51,94141.29,,,11.06,100.00
3436,BME280,1731,42.693,23.359,2019-04-09T23:38:22,94150.58,,,11.13,100.00
3436,BME280,1731,42.693,23.359,2019-04-09T23:40:55,94147.67,,,11.22,100.00
3436,BME280,1731,42.693,23.359,2019-04-09T23:43:27,94153.03,,,11.38,100.00
3436,BME280,1731,42.693,23.359,2019-04-09T23:46:01,94142.92,,,11.30,100.00
3436,BME280,1731,42.693,23.359,2019-04-09T23:48:31,94146.50,,,11.27,100.00
3436,BME280,1731,42.693,23.359,2019-04-09T23:51:01,94134.73,,,11.36,100.00
3436,BME280,1731,42.693,23.359,2019-04-09T23:53:34,94133.94,,,11.47,100.00
3436,BME280,1731,42.693,23.359,2019-04-09T23:56:06,94134.93,,,11.55,100.00
3436,BME280,1731,42.693,23.359,2019-04-09T23:58:37,94140.65,,,11.55,100.00
