sensor_id;sensor_type;location;lat;lon;timestamp;P1;durP1;ratioP1;P2;durP2;ratioP2
253;SDS011;590;48.773;8.847;2019-05-06T00:01:00;Sep 60;;;09. Okt;;
253;SDS011;590;48.773;8.847;2019-05-06T00:03:28;Okt 35;;;Sep 83;;
253;SDS011;590;48.773;8.847;2019-05-06T00:05:56;Okt 90;;;Okt 25;;
253;SDS011;590;48.773;8.847;2019-05-06T00:08:24;Sep 70;;;Sep 20;;
253;SDS011;590;48.773;8.847;2019-05-06T00:10:52;9.00;;;Aug 50;;
253;SDS011;590;48.773;8.847;2019-05-06T00:13:20;Sep 63;;;Sep 13;;
253;SDS011;590;48.773;8.847;2019-05-06T00:15:48;10. Aug;;;Sep 58;;
253;SDS011;590;48.773;8.847;2019-05-06T00:18:17;13.20;;;Okt 95;;
253;SDS011;590;48.773;8.847;2019-05-06T00:20:45;Sep 45;;;Aug 95;;
253;SDS011;590;48.773;8.847;2019-05-06T00:23:13;Sep 15;;;Aug 65;;
253;SDS011;590;48.773;8.847;2019-05-06T00:25:47;Aug 85;;;Aug 35;;
253;SDS011;590;48.773;8.847;2019-05-06T00:28:38;Jul 90;;;Jul 50;;
253;SDS011;590;48.773;8.847;2019-05-06T00:31:10;Aug 98;;;07. Aug;;
253;SDS011;590;48.773;8.847;2019-05-06T00:33:40;Jul 92;;;Jul 53;;
253;SDS011;590;48.773;8.847;2019-05-06T00:36:08;Aug 20;;;Jul 90;;
253;SDS011;590;48.773;8.847;2019-05-06T00:38:36;Jul 83;;;Jul 45;;
253;SDS011;590;48.773;8.847;2019-05-06T00:41:05;Jul 60;;;Jul 20;;
253;SDS011;590;48.773;8.847;2019-05-06T00:43:38;Aug 13;;;Jul 25;;
253;SDS011;590;48.773;8.847;2019-05-06T00:46:06;Jul 75;;;Jul 25;;
253;SDS011;590;48.773;8.847;2019-05-06T00:48:34;Jul 25;;;Jun 85;;
253;SDS011;590;48.773;8.847;2019-05-06T00:51:02;Jul 47;;;07. Aug;;
253;SDS011;590;48.773;8.847;2019-05-06T00:53:30;Jul 45;;;07. Mai;;
253;SDS011;590;48.773;8.847;2019-05-06T00:56:00;Sep 48;;;Jul 85;;
253;SDS011;590;48.773;8.847;2019-05-06T00:58:28;Jul 72;;;Jul 33;;
253;SDS011;590;48.773;8.847;2019-05-06T01:00:56;Aug 58;;;08. Aug;;
253;SDS011;590;48.773;8.847;2019-05-06T01:03:24;Aug 15;;;07. Mai;;
253;SDS011;590;48.773;8.847;2019-05-06T01:05:53;07. Okt;;;Jun 70;;
253;SDS011;590;48.773;8.847;2019-05-06T01:08:21;Jul 72;;;Jul 35;;
253;SDS011;590;48.773;8.847;2019-05-06T01:10:49;Jul 90;;;07. Aug;;
253;SDS011;590;48.773;8.847;2019-05-06T01:13:17;07. Aug;;;Jun 67;;
253;SDS011;590;48.773;8.847;2019-05-06T01:15:54;Jul 67;;;Jul 28;;
253;SDS011;590;48.773;8.847;2019-05-06T01:18:21;Jun 85;;;Jun 45;;
253;SDS011;590;48.773;8.847;2019-05-06T01:20:50;Jun 87;;;Jun 47;;
253;SDS011;590;48.773;8.847;2019-05-06T01:23:34;Jul 70;;;Jul 30;;
253;SDS011;590;48.773;8.847;2019-05-06T01:26:03;Jul 60;;;Jul 20;;
253;SDS011;590;48.773;8.847;2019-05-06T01:28:31;Jul 20;;;Jun 80;;
253;SDS011;590;48.773;8.847;2019-05-06T01:30:59;Jul 75;;;Jul 35;;
253;SDS011;590;48.773;8.847;2019-05-06T01:33:27;Jul 20;;;Jun 17;;
253;SDS011;590;48.773;8.847;2019-05-06T01:35:55;Jun 53;;;06. Dez;;
253;SDS011;590;48.773;8.847;2019-05-06T01:38:23;Jul 47;;;Jun 92;;
253;SDS011;590;48.773;8.847;2019-05-06T01:40:56;Jul 55;;;Jul 15;;
253;SDS011;590;48.773;8.847;2019-05-06T01:43:42;Okt 58;;;Jul 85;;
253;SDS011;590;48.773;8.847;2019-05-06T01:46:10;Jul 50;;;Jun 67;;
253;SDS011;590;48.773;8.847;2019-05-06T01:48:38;Jul 20;;;Jun 80;;
253;SDS011;590;48.773;8.847;2019-05-06T01:51:13;Aug 38;;;Jun 30;;
253;SDS011;590;48.773;8.847;2019-05-06T01:53:44;Jul 33;;;Jun 67;;
253;SDS011;590;48.773;8.847;2019-05-06T01:56:12;Jul 33;;;Jun 65;;
253;SDS011;590;48.773;8.847;2019-05-06T01:58:40;Jun 62;;;Jun 22;;
253;SDS011;590;48.773;8.847;2019-05-06T02:01:09;Jun 40;;;06. Mrz;;
253;SDS011;590;48.773;8.847;2019-05-06T02:03:37;Aug 48;;;Jun 87;;
253;SDS011;590;48.773;8.847;2019-05-06T02:06:05;Jun 28;;;Mai 92;;
253;SDS011;590;48.773;8.847;2019-05-06T02:08:33;Jun 58;;;Jun 17;;
253;SDS011;590;48.773;8.847;2019-05-06T02:11:01;Jul 92;;;Jun 37;;
253;SDS011;590;48.773;8.847;2019-05-06T02:13:29;Jun 65;;;Jun 25;;
253;SDS011;590;48.773;8.847;2019-05-06T02:15:57;Mai 75;;;Mai 45;;
253;SDS011;590;48.773;8.847;2019-05-06T02:18:25;Jun 58;;;Jun 17;;
253;SDS011;590;48.773;8.847;2019-05-06T02:20:53;Jul 30;;;Jun 90;;
253;SDS011;590;48.773;8.847;2019-05-06T02:23:26;Jun 35;;;Mai 87;;
253;SDS011;590;48.773;8.847;2019-05-06T02:25:56;Jul 65;;;Jul 25;;
253;SDS011;590;48.773;8.847;2019-05-06T02:28:24;08. Aug;;;Jul 37;;
253;SDS011;590;48.773;8.847;2019-05-06T02:30:52;Aug 43;;;Jul 22;;
253;SDS011;590;48.773;8.847;2019-05-06T02:33:37;Jul 25;;;Jun 80;;
253;SDS011;590;48.773;8.847;2019-05-06T02:36:12;Jun 83;;;Jun 42;;
253;SDS011;590;48.773;8.847;2019-05-06T02:38:48;Jun 62;;;Jun 22;;
253;SDS011;590;48.773;8.847;2019-05-06T02:41:16;07. Mai;;;Jun 65;;
253;SDS011;590;48.773;8.847;2019-05-06T02:43:44;Jun 70;;;06. Okt;;
253;SDS011;590;48.773;8.847;2019-05-06T02:46:12;Sep 85;;;08. Okt;;
253;SDS011;590;48.773;8.847;2019-05-06T02:48:40;7.00;;;06. Okt;;
253;SDS011;590;48.773;8.847;2019-05-06T02:51:16;Jul 25;;;Jun 85;;
253;SDS011;590;48.773;8.847;2019-05-06T02:53:47;Aug 60;;;08. Okt;;
253;SDS011;590;48.773;8.847;2019-05-06T02:56:15;Sep 28;;;Jul 78;;
253;SDS011;590;48.773;8.847;2019-05-06T02:58:43;Jul 83;;;Jul 25;;
253;SDS011;590;48.773;8.847;2019-05-06T03:01:11;Sep 28;;;Jul 70;;
253;SDS011;590;48.773;8.847;2019-05-06T03:03:40;Jul 58;;;Jun 95;;
253;SDS011;590;48.773;8.847;2019-05-06T03:06:07;Aug 50;;;Jul 97;;
253;SDS011;590;48.773;8.847;2019-05-06T03:08:35;Sep 28;;;Jul 67;;
253;SDS011;590;48.773;8.847;2019-05-06T03:11:03;10. Mrz;;;Jul 60;;
253;SDS011;590;48.773;8.847;2019-05-06T03:13:31;Jul 97;;;Jul 58;;
253;SDS011;590;48.773;8.847;2019-05-06T03:16:00;Sep 28;;;Aug 53;;
253;SDS011;590;48.773;8.847;2019-05-06T03:18:28;Okt 50;;;Sep 95;;
253;SDS011;590;48.773;8.847;2019-05-06T03:20:56;Sep 88;;;Sep 38;;
253;SDS011;590;48.773;8.847;2019-05-06T03:23:43;13.93;;;Sep 93;;
253;SDS011;590;48.773;8.847;2019-05-06T03:26:16;Nov 40;;;Okt 45;;
253;SDS011;590;48.773;8.847;2019-05-06T03:28:44;Okt 40;;;Sep 90;;
253;SDS011;590;48.773;8.847;2019-05-06T03:31:12;09. Mai;;;Jul 55;;
253;SDS011;590;48.773;8.847;2019-05-06T03:33:40;Jul 92;;;Jul 53;;
253;SDS011;590;48.773;8.847;2019-05-06T03:36:08;Sep 60;;;Aug 80;;
253;SDS011;590;48.773;8.847;2019-05-06T03:38:37;Sep 88;;;Aug 40;;
253;SDS011;590;48.773;8.847;2019-05-06T03:41:05;Sep 80;;;Aug 90;;
253;SDS011;590;48.773;8.847;2019-05-06T03:43:33;Sep 80;;;Sep 30;;
253;SDS011;590;48.773;8.847;2019-05-06T03:46:01;Sep 83;;;Sep 33;;
253;SDS011;590;48.773;8.847;2019-05-06T03:48:54;Aug 83;;;Aug 20;;
253;SDS011;590;48.773;8.847;2019-05-06T03:51:25;Sep 30;;;Aug 80;;
253;SDS011;590;48.773;8.847;2019-05-06T03:53:53;Aug 58;;;08. Aug;;
253;SDS011;590;48.773;8.847;2019-05-06T03:56:23;9.00;;;Aug 13;;
253;SDS011;590;48.773;8.847;2019-05-06T03:58:53;Sep 15;;;08. Mai;;
253;SDS011;590;48.773;8.847;2019-05-06T04:01:23;Aug 23;;;Jul 33;;
253;SDS011;590;48.773;8.847;2019-05-06T04:03:51;Dez 15;;;Aug 73;;
253;SDS011;590;48.773;8.847;2019-05-06T04:06:19;Okt 68;;;Sep 83;;
253;SDS011;590;48.773;8.847;2019-05-06T04:08:47;Dez 80;;;Nov 33;;
253;SDS011;590;48.773;8.847;2019-05-06T04:11:15;19. Jul;;;18. Mai;;
253;SDS011;590;48.773;8.847;2019-05-06T04:13:44;16.48;;;15.63;;
253;SDS011;590;48.773;8.847;2019-05-06T04:16:14;14.85;;;14. Mai;;
253;SDS011;590;48.773;8.847;2019-05-06T04:18:48;13.13;;;Dez 43;;
253;SDS011;590;48.773;8.847;2019-05-06T04:21:26;Dez 90;;;Nov 88;;
253;SDS011;590;48.773;8.847;2019-05-06T04:24:05;Dez 35;;;Nov 75;;
253;SDS011;590;48.773;8.847;2019-05-06T04:26:49;Nov 93;;;Nov 35;;
253;SDS011;590;48.773;8.847;2019-05-06T04:29:29;13. Aug;;;Nov 25;;
253;SDS011;590;48.773;8.847;2019-05-06T04:31:58;13.43;;;Nov 18;;
253;SDS011;590;48.773;8.847;2019-05-06T04:34:26;Okt 58;;;10.00;;
253;SDS011;590;48.773;8.847;2019-05-06T04:36:54;Nov 45;;;Okt 85;;
253;SDS011;590;48.773;8.847;2019-05-06T04:39:22;Nov 90;;;Nov 30;;
253;SDS011;590;48.773;8.847;2019-05-06T04:41:50;Dez 70;;;Nov 75;;
253;SDS011;590;48.773;8.847;2019-05-06T04:44:18;Nov 65;;;Okt 98;;
253;SDS011;590;48.773;8.847;2019-05-06T04:46:47;15.53;;;14.73;;
253;SDS011;590;48.773;8.847;2019-05-06T04:49:16;14.25;;;Dez 15;;
253;SDS011;590;48.773;8.847;2019-05-06T04:51:44;13.93;;;Nov 93;;
253;SDS011;590;48.773;8.847;2019-05-06T04:54:12;13. Okt;;;Dez 40;;
253;SDS011;590;48.773;8.847;2019-05-06T04:56:40;18.52;;;13.00;;
253;SDS011;590;48.773;8.847;2019-05-06T04:59:08;14.25;;;Dez 85;;
253;SDS011;590;48.773;8.847;2019-05-06T05:01:36;14.90;;;Nov 50;;
253;SDS011;590;48.773;8.847;2019-05-06T05:04:04;13.95;;;13.25;;
253;SDS011;590;48.773;8.847;2019-05-06T05:06:32;16.32;;;14.15;;
253;SDS011;590;48.773;8.847;2019-05-06T05:09:01;13.68;;;Dez 98;;
253;SDS011;590;48.773;8.847;2019-05-06T05:11:31;14.00;;;Dez 80;;
253;SDS011;590;48.773;8.847;2019-05-06T05:14:11;15.98;;;13. Mrz;;
253;SDS011;590;48.773;8.847;2019-05-06T05:17:02;13.62;;;Dez 93;;
253;SDS011;590;48.773;8.847;2019-05-06T05:19:37;14.63;;;Dez 98;;
253;SDS011;590;48.773;8.847;2019-05-06T05:22:05;14.50;;;13.80;;
253;SDS011;590;48.773;8.847;2019-05-06T05:24:34;14.98;;;14.20;;
253;SDS011;590;48.773;8.847;2019-05-06T05:27:02;19. Okt;;;Dez 73;;
253;SDS011;590;48.773;8.847;2019-05-06T05:29:31;14.60;;;13. Mrz;;
253;SDS011;590;48.773;8.847;2019-05-06T05:31:59;17.75;;;13.85;;
253;SDS011;590;48.773;8.847;2019-05-06T05:34:27;13.75;;;13. Mai;;
253;SDS011;590;48.773;8.847;2019-05-06T05:36:55;15.88;;;14.30;;
253;SDS011;590;48.773;8.847;2019-05-06T05:39:23;14.00;;;13.22;;
253;SDS011;590;48.773;8.847;2019-05-06T05:41:52;15.40;;;13.53;;
253;SDS011;590;48.773;8.847;2019-05-06T05:44:22;14.40;;;13.70;;
253;SDS011;590;48.773;8.847;2019-05-06T05:46:53;15.25;;;Dez 95;;
253;SDS011;590;48.773;8.847;2019-05-06T05:49:22;15.68;;;14.30;;
253;SDS011;590;48.773;8.847;2019-05-06T05:52:00;19.75;;;14.65;;
253;SDS011;590;48.773;8.847;2019-05-06T05:54:28;18.48;;;13.65;;
253;SDS011;590;48.773;8.847;2019-05-06T05:56:57;17. Mai;;;13.58;;
253;SDS011;590;48.773;8.847;2019-05-06T05:59:25;18.82;;;15.28;;
253;SDS011;590;48.773;8.847;2019-05-06T06:01:53;14.90;;;13.40;;
253;SDS011;590;48.773;8.847;2019-05-06T06:04:21;18.32;;;13.70;;
253;SDS011;590;48.773;8.847;2019-05-06T06:06:49;16.80;;;14.40;;
253;SDS011;590;48.773;8.847;2019-05-06T06:09:18;13.72;;;13. Aug;;
253;SDS011;590;48.773;8.847;2019-05-06T06:11:48;27. Jul;;;19.48;;
253;SDS011;590;48.773;8.847;2019-05-06T06:14:18;19. Jul;;;15.20;;
253;SDS011;590;48.773;8.847;2019-05-06T06:17:17;16. Feb;;;14.18;;
253;SDS011;590;48.773;8.847;2019-05-06T06:20:04;15.78;;;13.80;;
253;SDS011;590;48.773;8.847;2019-05-06T06:23:03;14.95;;;13.95;;
253;SDS011;590;48.773;8.847;2019-05-06T06:25:41;16.27;;;14. Mai;;
253;SDS011;590;48.773;8.847;2019-05-06T06:28:09;14.70;;;13.95;;
253;SDS011;590;48.773;8.847;2019-05-06T06:30:37;18.62;;;15.25;;
253;SDS011;590;48.773;8.847;2019-05-06T06:33:21;15. Mai;;;14.23;;
253;SDS011;590;48.773;8.847;2019-05-06T06:35:49;14.93;;;14.13;;
253;SDS011;590;48.773;8.847;2019-05-06T06:38:42;19.50;;;14.58;;
253;SDS011;590;48.773;8.847;2019-05-06T06:41:18;17.35;;;16.32;;
253;SDS011;590;48.773;8.847;2019-05-06T06:43:46;16.35;;;15.00;;
253;SDS011;590;48.773;8.847;2019-05-06T06:46:17;17. Mai;;;16.15;;
253;SDS011;590;48.773;8.847;2019-05-06T06:48:45;17.90;;;14.93;;
253;SDS011;590;48.773;8.847;2019-05-06T06:51:13;18.15;;;15.35;;
253;SDS011;590;48.773;8.847;2019-05-06T06:53:41;18.25;;;15.70;;
253;SDS011;590;48.773;8.847;2019-05-06T06:56:09;15.55;;;14.75;;
253;SDS011;590;48.773;8.847;2019-05-06T06:58:55;19.55;;;16.80;;
253;SDS011;590;48.773;8.847;2019-05-06T07:01:44;17.00;;;15.32;;
253;SDS011;590;48.773;8.847;2019-05-06T07:04:28;15.63;;;14.83;;
253;SDS011;590;48.773;8.847;2019-05-06T07:07:03;14.38;;;13.68;;
253;SDS011;590;48.773;8.847;2019-05-06T07:09:32;16.25;;;15.45;;
253;SDS011;590;48.773;8.847;2019-05-06T07:12:00;16.62;;;15.80;;
253;SDS011;590;48.773;8.847;2019-05-06T07:14:28;16.35;;;15.55;;
253;SDS011;590;48.773;8.847;2019-05-06T07:16:56;17.48;;;16.57;;
253;SDS011;590;48.773;8.847;2019-05-06T07:19:24;17.17;;;16.27;;
253;SDS011;590;48.773;8.847;2019-05-06T07:22:00;16.85;;;14.53;;
253;SDS011;590;48.773;8.847;2019-05-06T07:24:28;19.20;;;17.55;;
253;SDS011;590;48.773;8.847;2019-05-06T07:26:57;18.95;;;14.85;;
253;SDS011;590;48.773;8.847;2019-05-06T07:29:47;13.30;;;Dez 60;;
253;SDS011;590;48.773;8.847;2019-05-06T07:32:15;15.68;;;Dez 90;;
253;SDS011;590;48.773;8.847;2019-05-06T07:34:44;14.28;;;13.58;;
253;SDS011;590;48.773;8.847;2019-05-06T07:37:12;14.73;;;13.32;;
253;SDS011;590;48.773;8.847;2019-05-06T07:39:40;16.70;;;15.70;;
253;SDS011;590;48.773;8.847;2019-05-06T07:42:08;16.25;;;13.83;;
253;SDS011;590;48.773;8.847;2019-05-06T07:44:42;13.45;;;Dez 13;;
253;SDS011;590;48.773;8.847;2019-05-06T07:47:22;16.25;;;Dez 47;;
253;SDS011;590;48.773;8.847;2019-05-06T07:50:25;13. Okt;;;Dez 40;;
253;SDS011;590;48.773;8.847;2019-05-06T07:52:53;16.20;;;Dez 70;;
253;SDS011;590;48.773;8.847;2019-05-06T07:55:34;14.93;;;13.58;;
253;SDS011;590;48.773;8.847;2019-05-06T07:58:03;13.62;;;Nov 48;;
253;SDS011;590;48.773;8.847;2019-05-06T08:00:31;16.48;;;Nov 57;;
253;SDS011;590;48.773;8.847;2019-05-06T08:03:00;13.80;;;Okt 50;;
253;SDS011;590;48.773;8.847;2019-05-06T08:05:29;14. Mrz;;;10. Aug;;
253;SDS011;590;48.773;8.847;2019-05-06T08:07:57;11. Okt;;;Sep 18;;
253;SDS011;590;48.773;8.847;2019-05-06T08:10:25;Nov 25;;;Sep 25;;
253;SDS011;590;48.773;8.847;2019-05-06T08:12:53;Okt 72;;;Sep 83;;
253;SDS011;590;48.773;8.847;2019-05-06T08:15:21;13.38;;;9.00;;
253;SDS011;590;48.773;8.847;2019-05-06T08:17:49;14. Mai;;;Okt 18;;
253;SDS011;590;48.773;8.847;2019-05-06T08:20:17;Aug 78;;;Aug 28;;
253;SDS011;590;48.773;8.847;2019-05-06T08:22:46;Nov 45;;;Aug 30;;
253;SDS011;590;48.773;8.847;2019-05-06T08:25:33;Dez 93;;;Aug 68;;
253;SDS011;590;48.773;8.847;2019-05-06T08:28:07;Dez 45;;;Sep 68;;
253;SDS011;590;48.773;8.847;2019-05-06T08:30:35;13.15;;;Aug 70;;
253;SDS011;590;48.773;8.847;2019-05-06T08:33:03;Dez 93;;;Sep 20;;
253;SDS011;590;48.773;8.847;2019-05-06T08:35:31;14.78;;;Aug 93;;
253;SDS011;590;48.773;8.847;2019-05-06T08:37:59;Okt 28;;;Jul 70;;
253;SDS011;590;48.773;8.847;2019-05-06T08:40:27;Aug 70;;;Aug 20;;
253;SDS011;590;48.773;8.847;2019-05-06T08:42:55;Aug 70;;;08. Okt;;
253;SDS011;590;48.773;8.847;2019-05-06T08:45:23;Nov 68;;;Aug 48;;
253;SDS011;590;48.773;8.847;2019-05-06T08:47:51;Okt 55;;;Sep 40;;
253;SDS011;590;48.773;8.847;2019-05-06T08:50:19;Okt 40;;;08. Okt;;
253;SDS011;590;48.773;8.847;2019-05-06T08:52:54;12.00;;;Jul 62;;
253;SDS011;590;48.773;8.847;2019-05-06T08:55:42;Nov 30;;;Jul 60;;
253;SDS011;590;48.773;8.847;2019-05-06T08:58:11;Sep 90;;;Jul 62;;
253;SDS011;590;48.773;8.847;2019-05-06T09:00:39;17.23;;;Aug 43;;
253;SDS011;590;48.773;8.847;2019-05-06T09:03:14;Nov 55;;;Jul 78;;
253;SDS011;590;48.773;8.847;2019-05-06T09:05:42;13.25;;;Sep 95;;
253;SDS011;590;48.773;8.847;2019-05-06T09:08:18;Sep 45;;;Aug 95;;
253;SDS011;590;48.773;8.847;2019-05-06T09:10:47;Sep 68;;;Jul 85;;
253;SDS011;590;48.773;8.847;2019-05-06T09:13:15;Aug 65;;;Aug 13;;
253;SDS011;590;48.773;8.847;2019-05-06T09:15:43;Jul 90;;;Jul 50;;
253;SDS011;590;48.773;8.847;2019-05-06T09:18:11;Sep 90;;;Aug 40;;
253;SDS011;590;48.773;8.847;2019-05-06T09:20:40;Okt 18;;;Jul 70;;
253;SDS011;590;48.773;8.847;2019-05-06T09:23:07;Okt 90;;;Jul 58;;
253;SDS011;590;48.773;8.847;2019-05-06T09:25:36;Jul 95;;;Jul 55;;
253;SDS011;590;48.773;8.847;2019-05-06T09:28:03;Aug 35;;;Jul 28;;
253;SDS011;590;48.773;8.847;2019-05-06T09:30:54;Sep 23;;;Jul 33;;
253;SDS011;590;48.773;8.847;2019-05-06T09:33:31;Sep 85;;;Aug 13;;
253;SDS011;590;48.773;8.847;2019-05-06T09:36:06;Jul 97;;;7.00;;
253;SDS011;590;48.773;8.847;2019-05-06T09:38:34;Sep 98;;;07. Okt;;
253;SDS011;590;48.773;8.847;2019-05-06T09:41:02;Sep 83;;;Aug 33;;
253;SDS011;590;48.773;8.847;2019-05-06T09:43:30;Nov 30;;;Jul 75;;
253;SDS011;590;48.773;8.847;2019-05-06T09:45:58;Aug 98;;;Jul 55;;
253;SDS011;590;48.773;8.847;2019-05-06T09:48:26;10. Okt;;;Jul 55;;
253;SDS011;590;48.773;8.847;2019-05-06T09:51:16;Okt 58;;;09. Okt;;
253;SDS011;590;48.773;8.847;2019-05-06T09:53:44;Aug 85;;;Jul 25;;
253;SDS011;590;48.773;8.847;2019-05-06T09:56:30;09. Okt;;;Jul 58;;
253;SDS011;590;48.773;8.847;2019-05-06T09:59:05;Nov 78;;;7.00;;
253;SDS011;590;48.773;8.847;2019-05-06T10:01:33;Jul 85;;;Jul 40;;
253;SDS011;590;48.773;8.847;2019-05-06T10:04:02;Nov 65;;;Jul 35;;
253;SDS011;590;48.773;8.847;2019-05-06T10:06:32;09. Aug;;;Jul 35;;
253;SDS011;590;48.773;8.847;2019-05-06T10:09:02;Okt 53;;;Jul 70;;
253;SDS011;590;48.773;8.847;2019-05-06T10:11:33;Nov 28;;;8.00;;
253;SDS011;590;48.773;8.847;2019-05-06T10:14:01;Okt 68;;;Jul 33;;
253;SDS011;590;48.773;8.847;2019-05-06T10:16:29;Jul 87;;;Jul 40;;
253;SDS011;590;48.773;8.847;2019-05-06T10:18:58;Aug 48;;;Jul 15;;
253;SDS011;590;48.773;8.847;2019-05-06T10:21:26;Sep 35;;;Jul 25;;
253;SDS011;590;48.773;8.847;2019-05-06T10:23:54;Okt 40;;;08. Aug;;
253;SDS011;590;48.773;8.847;2019-05-06T10:26:22;Aug 30;;;Jul 90;;
253;SDS011;590;48.773;8.847;2019-05-06T10:28:50;Aug 78;;;Aug 23;;
253;SDS011;590;48.773;8.847;2019-05-06T10:31:37;Sep 68;;;Aug 53;;
253;SDS011;590;48.773;8.847;2019-05-06T10:34:10;Okt 43;;;08. Mai;;
253;SDS011;590;48.773;8.847;2019-05-06T10:36:44;Okt 82;;;Sep 20;;
253;SDS011;590;48.773;8.847;2019-05-06T10:39:21;09. Mrz;;;Aug 53;;
253;SDS011;590;48.773;8.847;2019-05-06T10:41:52;Jul 97;;;Jul 33;;
253;SDS011;590;48.773;8.847;2019-05-06T10:44:40;Nov 88;;;Sep 43;;
253;SDS011;590;48.773;8.847;2019-05-06T10:47:33;Sep 45;;;Aug 93;;
253;SDS011;590;48.773;8.847;2019-05-06T10:50:01;Sep 43;;;Aug 25;;
253;SDS011;590;48.773;8.847;2019-05-06T10:52:29;12. Mai;;;Aug 75;;
253;SDS011;590;48.773;8.847;2019-05-06T10:55:17;Okt 98;;;Aug 58;;
253;SDS011;590;48.773;8.847;2019-05-06T10:57:45;Nov 63;;;Sep 20;;
253;SDS011;590;48.773;8.847;2019-05-06T11:00:13;Okt 38;;;Sep 38;;
253;SDS011;590;48.773;8.847;2019-05-06T11:02:42;Okt 82;;;Jul 80;;
253;SDS011;590;48.773;8.847;2019-05-06T11:08:10;Okt 58;;;Aug 55;;
253;SDS011;590;48.773;8.847;2019-05-06T11:10:40;Okt 35;;;Aug 20;;
253;SDS011;590;48.773;8.847;2019-05-06T11:13:14;Aug 63;;;Aug 13;;
253;SDS011;590;48.773;8.847;2019-05-06T11:15:45;Sep 18;;;Aug 68;;
253;SDS011;590;48.773;8.847;2019-05-06T11:18:13;Sep 15;;;Aug 35;;
253;SDS011;590;48.773;8.847;2019-05-06T11:20:41;Aug 93;;;Jul 80;;
253;SDS011;590;48.773;8.847;2019-05-06T11:23:09;Sep 25;;;Aug 75;;
253;SDS011;590;48.773;8.847;2019-05-06T11:25:37;Aug 60;;;08. Okt;;
253;SDS011;590;48.773;8.847;2019-05-06T11:28:05;Okt 88;;;Sep 55;;
253;SDS011;590;48.773;8.847;2019-05-06T11:30:51;Sep 60;;;09. Mai;;
253;SDS011;590;48.773;8.847;2019-05-06T11:33:32;Aug 60;;;08. Okt;;
253;SDS011;590;48.773;8.847;2019-05-06T11:36:25;Aug 55;;;Jul 70;;
253;SDS011;590;48.773;8.847;2019-05-06T11:38:58;09. Okt;;;Aug 60;;
253;SDS011;590;48.773;8.847;2019-05-06T11:41:26;Sep 35;;;Aug 85;;
253;SDS011;590;48.773;8.847;2019-05-06T11:43:54;Okt 38;;;Sep 80;;
253;SDS011;590;48.773;8.847;2019-05-06T11:46:22;11.00;;;Okt 40;;
253;SDS011;590;48.773;8.847;2019-05-06T11:48:50;Sep 70;;;Aug 78;;
253;SDS011;590;48.773;8.847;2019-05-06T11:51:18;Sep 55;;;09. Mai;;
253;SDS011;590;48.773;8.847;2019-05-06T11:53:48;Sep 35;;;Aug 85;;
253;SDS011;590;48.773;8.847;2019-05-06T11:56:16;Sep 45;;;Aug 95;;
253;SDS011;590;48.773;8.847;2019-05-06T11:58:44;Okt 85;;;Aug 25;;
253;SDS011;590;48.773;8.847;2019-05-06T12:01:17;Aug 53;;;Jul 95;;
253;SDS011;590;48.773;8.847;2019-05-06T12:03:49;Okt 43;;;Aug 65;;
253;SDS011;590;48.773;8.847;2019-05-06T12:06:17;Aug 90;;;Aug 43;;
253;SDS011;590;48.773;8.847;2019-05-06T12:08:45;Sep 45;;;Aug 95;;
253;SDS011;590;48.773;8.847;2019-05-06T12:11:13;Aug 20;;;Jul 80;;
253;SDS011;590;48.773;8.847;2019-05-06T12:13:42;08. Mrz;;;Jul 62;;
253;SDS011;590;48.773;8.847;2019-05-06T12:16:10;Aug 83;;;07. Okt;;
253;SDS011;590;48.773;8.847;2019-05-06T12:18:38;Sep 30;;;Aug 70;;
253;SDS011;590;48.773;8.847;2019-05-06T12:21:06;Sep 38;;;Aug 88;;
253;SDS011;590;48.773;8.847;2019-05-06T12:23:34;9.00;;;Aug 50;;
253;SDS011;590;48.773;8.847;2019-05-06T12:26:02;9.00;;;Aug 33;;
253;SDS011;590;48.773;8.847;2019-05-06T12:28:30;Sep 53;;;Aug 58;;
253;SDS011;590;48.773;8.847;2019-05-06T12:30:58;Aug 43;;;8.00;;
253;SDS011;590;48.773;8.847;2019-05-06T12:33:26;08. Mai;;;Jul 37;;
253;SDS011;590;48.773;8.847;2019-05-06T12:36:09;Jul 80;;;Jul 40;;
253;SDS011;590;48.773;8.847;2019-05-06T12:38:56;Jul 97;;;Jul 58;;
253;SDS011;590;48.773;8.847;2019-05-06T12:41:59;Dez 15;;;Sep 20;;
253;SDS011;590;48.773;8.847;2019-05-06T12:44:46;Jul 58;;;Jul 17;;
253;SDS011;590;48.773;8.847;2019-05-06T12:47:36;Jul 53;;;07. Dez;;
253;SDS011;590;48.773;8.847;2019-05-06T12:50:15;Jun 60;;;Jun 20;;
253;SDS011;590;48.773;8.847;2019-05-06T12:52:43;07. Mai;;;Jun 65;;
253;SDS011;590;48.773;8.847;2019-05-06T12:55:11;Jul 30;;;Jun 92;;
253;SDS011;590;48.773;8.847;2019-05-06T12:57:39;Jul 62;;;Jun 90;;
253;SDS011;590;48.773;8.847;2019-05-06T13:00:07;Jun 87;;;Jun 47;;
253;SDS011;590;48.773;8.847;2019-05-06T13:02:36;Jul 35;;;Jun 95;;
253;SDS011;590;48.773;8.847;2019-05-06T13:05:04;Jul 62;;;Jul 25;;
253;SDS011;590;48.773;8.847;2019-05-06T13:07:32;Jul 22;;;Jun 83;;
253;SDS011;590;48.773;8.847;2019-05-06T13:10:06;Aug 63;;;Jul 62;;
253;SDS011;590;48.773;8.847;2019-05-06T13:12:35;Aug 13;;;Jul 72;;
253;SDS011;590;48.773;8.847;2019-05-06T13:15:04;07. Okt;;;Jun 70;;
253;SDS011;590;48.773;8.847;2019-05-06T13:17:32;Jul 50;;;07. Okt;;
253;SDS011;590;48.773;8.847;2019-05-06T13:20:00;Aug 95;;;Jun 80;;
253;SDS011;590;48.773;8.847;2019-05-06T13:22:29;Aug 25;;;Jun 87;;
253;SDS011;590;48.773;8.847;2019-05-06T13:25:11;Jul 33;;;Jun 28;;
253;SDS011;590;48.773;8.847;2019-05-06T13:27:39;Mai 62;;;05. Okt;;
253;SDS011;590;48.773;8.847;2019-05-06T13:30:07;Jul 85;;;Jun 67;;
253;SDS011;590;48.773;8.847;2019-05-06T13:32:35;Mai 50;;;Mai 20;;
253;SDS011;590;48.773;8.847;2019-05-06T13:35:06;Mai 87;;;Mai 58;;
253;SDS011;590;48.773;8.847;2019-05-06T13:37:34;Aug 63;;;7.00;;
253;SDS011;590;48.773;8.847;2019-05-06T13:40:03;Jul 80;;;07. Mrz;;
253;SDS011;590;48.773;8.847;2019-05-06T13:42:31;Aug 75;;;Jul 65;;
253;SDS011;590;48.773;8.847;2019-05-06T13:45:00;Jul 55;;;Jul 15;;
253;SDS011;590;48.773;8.847;2019-05-06T13:47:28;Aug 65;;;7.00;;
253;SDS011;590;48.773;8.847;2019-05-06T13:50:14;Sep 35;;;Jul 22;;
253;SDS011;590;48.773;8.847;2019-05-06T13:52:45;Aug 73;;;7.00;;
253;SDS011;590;48.773;8.847;2019-05-06T13:55:14;Jul 90;;;Jun 85;;
253;SDS011;590;48.773;8.847;2019-05-06T13:57:43;Jun 22;;;Mai 83;;
253;SDS011;590;48.773;8.847;2019-05-06T14:00:11;Mai 95;;;Mai 67;;
253;SDS011;590;48.773;8.847;2019-05-06T14:02:40;08. Mrz;;;Jun 33;;
253;SDS011;590;48.773;8.847;2019-05-06T14:05:16;06. Mrz;;;Mai 65;;
253;SDS011;590;48.773;8.847;2019-05-06T14:07:44;08. Mai;;;Jun 42;;
253;SDS011;590;48.773;8.847;2019-05-06T14:10:12;Aug 28;;;6.00;;
253;SDS011;590;48.773;8.847;2019-05-06T14:12:41;Sep 90;;;Mai 97;;
253;SDS011;590;48.773;8.847;2019-05-06T14:15:09;Mai 87;;;Mai 58;;
253;SDS011;590;48.773;8.847;2019-05-06T14:17:37;Jun 97;;;Jun 28;;
253;SDS011;590;48.773;8.847;2019-05-06T14:20:05;Jun 62;;;Mai 35;;
253;SDS011;590;48.773;8.847;2019-05-06T14:22:34;Aug 18;;;Mai 87;;
253;SDS011;590;48.773;8.847;2019-05-06T14:25:02;Mai 90;;;Mai 60;;
253;SDS011;590;48.773;8.847;2019-05-06T14:27:43;Jul 72;;;Mai 50;;
253;SDS011;590;48.773;8.847;2019-05-06T14:30:14;07. Mai;;;Mai 72;;
253;SDS011;590;48.773;8.847;2019-05-06T14:32:50;Jun 22;;;Mai 28;;
253;SDS011;590;48.773;8.847;2019-05-06T14:35:18;Jun 45;;;Mai 87;;
253;SDS011;590;48.773;8.847;2019-05-06T14:37:46;Jun 20;;;5.00;;
253;SDS011;590;48.773;8.847;2019-05-06T14:40:14;06. Aug;;;Apr 85;;
253;SDS011;590;48.773;8.847;2019-05-06T14:42:45;Mai 85;;;Mai 55;;
253;SDS011;590;48.773;8.847;2019-05-06T14:45:13;06. Mrz;;;Mai 45;;
253;SDS011;590;48.773;8.847;2019-05-06T14:47:41;Jul 60;;;Mai 55;;
253;SDS011;590;48.773;8.847;2019-05-06T14:50:09;Mai 22;;;Apr 95;;
253;SDS011;590;48.773;8.847;2019-05-06T14:52:37;Jul 25;;;Mai 40;;
253;SDS011;590;48.773;8.847;2019-05-06T14:55:05;Jun 85;;;Apr 70;;
253;SDS011;590;48.773;8.847;2019-05-06T14:57:46;06. Dez;;;Apr 95;;
253;SDS011;590;48.773;8.847;2019-05-06T15:00:14;Jun 45;;;Mai 15;;
253;SDS011;590;48.773;8.847;2019-05-06T15:02:44;Jun 50;;;Mai 25;;
253;SDS011;590;48.773;8.847;2019-05-06T15:05:12;Jun 80;;;Mai 20;;
253;SDS011;590;48.773;8.847;2019-05-06T15:07:41;Mai 45;;;Mai 15;;
253;SDS011;590;48.773;8.847;2019-05-06T15:10:09;Mai 78;;;Mai 47;;
253;SDS011;590;48.773;8.847;2019-05-06T15:12:37;Jun 85;;;Jun 20;;
253;SDS011;590;48.773;8.847;2019-05-06T15:15:05;Jun 70;;;Mai 95;;
253;SDS011;590;48.773;8.847;2019-05-06T15:17:34;Mai 50;;;05. Okt;;
253;SDS011;590;48.773;8.847;2019-05-06T15:20:02;Okt 93;;;07. Mrz;;
253;SDS011;590;48.773;8.847;2019-05-06T15:22:30;Jun 92;;;Jun 47;;
253;SDS011;590;48.773;8.847;2019-05-06T15:24:58;Jul 75;;;Jun 92;;
253;SDS011;590;48.773;8.847;2019-05-06T15:27:26;Jun 62;;;Jun 22;;
253;SDS011;590;48.773;8.847;2019-05-06T15:29:55;Mai 70;;;Mai 40;;
253;SDS011;590;48.773;8.847;2019-05-06T15:32:25;Mai 70;;;Mai 40;;
253;SDS011;590;48.773;8.847;2019-05-06T15:35:04;Jun 67;;;Mai 30;;
253;SDS011;590;48.773;8.847;2019-05-06T15:38:04;Jun 72;;;Jun 25;;
253;SDS011;590;48.773;8.847;2019-05-06T15:40:43;Jun 78;;;6.00;;
253;SDS011;590;48.773;8.847;2019-05-06T15:43:11;Jun 80;;;Jun 20;;
253;SDS011;590;48.773;8.847;2019-05-06T15:45:39;Aug 15;;;Jul 22;;
253;SDS011;590;48.773;8.847;2019-05-06T15:48:07;Jul 45;;;07. Mai;;
253;SDS011;590;48.773;8.847;2019-05-06T15:50:35;06. Aug;;;Mai 75;;
253;SDS011;590;48.773;8.847;2019-05-06T15:53:03;Jun 22;;;Mai 87;;
253;SDS011;590;48.773;8.847;2019-05-06T15:55:31;Jul 33;;;Jun 58;;
253;SDS011;590;48.773;8.847;2019-05-06T15:57:59;Aug 65;;;07. Mrz;;
253;SDS011;590;48.773;8.847;2019-05-06T16:00:27;Jun 62;;;06. Mai;;
253;SDS011;590;48.773;8.847;2019-05-06T16:02:55;6.00;;;Mai 70;;
253;SDS011;590;48.773;8.847;2019-05-06T16:05:23;Mai 67;;;Mai 37;;
253;SDS011;590;48.773;8.847;2019-05-06T16:07:51;Jun 17;;;Mai 60;;
253;SDS011;590;48.773;8.847;2019-05-06T16:10:19;07. Okt;;;Mai 65;;
253;SDS011;590;48.773;8.847;2019-05-06T16:12:48;Mai 90;;;Mai 60;;
253;SDS011;590;48.773;8.847;2019-05-06T16:15:16;05. Aug;;;Apr 45;;
253;SDS011;590;48.773;8.847;2019-05-06T16:17:44;06. Aug;;;Mai 65;;
253;SDS011;590;48.773;8.847;2019-05-06T16:20:12;Jun 15;;;05. Mai;;
253;SDS011;590;48.773;8.847;2019-05-06T16:22:40;Mai 45;;;Mai 15;;
253;SDS011;590;48.773;8.847;2019-05-06T16:25:10;6.00;;;Apr 95;;
253;SDS011;590;48.773;8.847;2019-05-06T16:27:40;06. Mai;;;Apr 90;;
253;SDS011;590;48.773;8.847;2019-05-06T16:30:09;Mai 60;;;Mai 30;;
253;SDS011;590;48.773;8.847;2019-05-06T16:32:39;05. Dez;;;Apr 83;;
253;SDS011;590;48.773;8.847;2019-05-06T16:35:07;Mai 25;;;Apr 95;;
253;SDS011;590;48.773;8.847;2019-05-06T16:37:36;05. Mai;;;Apr 60;;
253;SDS011;590;48.773;8.847;2019-05-06T16:40:11;Mai 33;;;05. Mrz;;
253;SDS011;590;48.773;8.847;2019-05-06T16:42:39;07. Aug;;;Mai 15;;
253;SDS011;590;48.773;8.847;2019-05-06T16:45:07;Jun 50;;;06. Okt;;
253;SDS011;590;48.773;8.847;2019-05-06T16:47:36;Mai 72;;;Apr 90;;
253;SDS011;590;48.773;8.847;2019-05-06T16:50:08;7.00;;;Jun 60;;
253;SDS011;590;48.773;8.847;2019-05-06T16:52:37;Jun 15;;;Mai 53;;
253;SDS011;590;48.773;8.847;2019-05-06T16:55:06;Mai 62;;;Mai 33;;
253;SDS011;590;48.773;8.847;2019-05-06T16:57:38;6.00;;;Mai 70;;
253;SDS011;590;48.773;8.847;2019-05-06T17:00:08;Jul 78;;;Mai 60;;
253;SDS011;590;48.773;8.847;2019-05-06T17:02:38;Mai 33;;;05. Mrz;;
253;SDS011;590;48.773;8.847;2019-05-06T17:05:14;Mai 97;;;Apr 90;;
253;SDS011;590;48.773;8.847;2019-05-06T17:08:03;05. Dez;;;Apr 83;;
253;SDS011;590;48.773;8.847;2019-05-06T17:10:31;07. Mrz;;;Mai 55;;
253;SDS011;590;48.773;8.847;2019-05-06T17:12:59;Apr 65;;;Apr 35;;
253;SDS011;590;48.773;8.847;2019-05-06T17:15:27;06. Dez;;;05. Mai;;
253;SDS011;590;48.773;8.847;2019-05-06T17:17:55;Aug 98;;;Jun 20;;
253;SDS011;590;48.773;8.847;2019-05-06T17:20:24;Jul 90;;;Mai 97;;
253;SDS011;590;48.773;8.847;2019-05-06T17:22:52;Jul 97;;;Jun 20;;
253;SDS011;590;48.773;8.847;2019-05-06T17:25:20;Aug 45;;;Mai 70;;
253;SDS011;590;48.773;8.847;2019-05-06T17:27:50;Mai 97;;;Mai 50;;
253;SDS011;590;48.773;8.847;2019-05-06T17:30:18;Jun 55;;;Mai 60;;
253;SDS011;590;48.773;8.847;2019-05-06T17:33:00;Jun 15;;;Mai 58;;
253;SDS011;590;48.773;8.847;2019-05-06T17:35:46;Jun 50;;;Mai 85;;
253;SDS011;590;48.773;8.847;2019-05-06T17:38:14;Mai 95;;;Mai 65;;
253;SDS011;590;48.773;8.847;2019-05-06T17:40:45;Jun 97;;;Jun 58;;
253;SDS011;590;48.773;8.847;2019-05-06T17:43:14;7.00;;;Mai 47;;
253;SDS011;590;48.773;8.847;2019-05-06T17:45:44;07. Dez;;;Jun 72;;
253;SDS011;590;48.773;8.847;2019-05-06T17:48:25;07. Mai;;;Mai 65;;
253;SDS011;590;48.773;8.847;2019-05-06T17:51:28;Mai 90;;;Mai 65;;
253;SDS011;590;48.773;8.847;2019-05-06T17:54:11;Jul 28;;;Jun 65;;
253;SDS011;590;48.773;8.847;2019-05-06T17:56:39;Mai 75;;;Mai 45;;
253;SDS011;590;48.773;8.847;2019-05-06T17:59:07;Jun 80;;;Jun 40;;
253;SDS011;590;48.773;8.847;2019-05-06T18:01:36;Jul 65;;;Jul 25;;
253;SDS011;590;48.773;8.847;2019-05-06T18:04:07;Jun 28;;;Mai 75;;
253;SDS011;590;48.773;8.847;2019-05-06T18:06:35;Mai 83;;;Mai 53;;
253;SDS011;590;48.773;8.847;2019-05-06T18:09:05;06. Mai;;;Mai 75;;
253;SDS011;590;48.773;8.847;2019-05-06T18:11:33;Jun 85;;;Jun 33;;
253;SDS011;590;48.773;8.847;2019-05-06T18:14:01;Jul 40;;;Jun 75;;
253;SDS011;590;48.773;8.847;2019-05-06T18:16:30;Jun 97;;;Jun 58;;
253;SDS011;590;48.773;8.847;2019-05-06T18:18:58;Jul 50;;;Jun 67;;
253;SDS011;590;48.773;8.847;2019-05-06T18:21:26;Aug 13;;;7.00;;
253;SDS011;590;48.773;8.847;2019-05-06T18:23:54;Sep 48;;;9.00;;
253;SDS011;590;48.773;8.847;2019-05-06T18:26:22;Aug 15;;;Jul 75;;
253;SDS011;590;48.773;8.847;2019-05-06T18:28:50;Jun 97;;;Jun 58;;
253;SDS011;590;48.773;8.847;2019-05-06T18:31:19;Jul 83;;;Jun 95;;
253;SDS011;590;48.773;8.847;2019-05-06T18:33:47;Okt 45;;;Sep 93;;
253;SDS011;590;48.773;8.847;2019-05-06T18:36:15;16.95;;;16.00;;
253;SDS011;590;48.773;8.847;2019-05-06T18:38:44;15.78;;;14.98;;
253;SDS011;590;48.773;8.847;2019-05-06T18:41:12;14.73;;;13.95;;
253;SDS011;590;48.773;8.847;2019-05-06T18:43:40;13.50;;;Dez 80;;
253;SDS011;590;48.773;8.847;2019-05-06T18:46:08;13. Mai;;;Nov 80;;
253;SDS011;590;48.773;8.847;2019-05-06T18:48:38;Aug 73;;;Aug 23;;
253;SDS011;590;48.773;8.847;2019-05-06T18:51:06;14.90;;;14. Okt;;
253;SDS011;590;48.773;8.847;2019-05-06T18:53:34;13.93;;;Dez 65;;
253;SDS011;590;48.773;8.847;2019-05-06T18:56:02;17. Jul;;;13.18;;
253;SDS011;590;48.773;8.847;2019-05-06T18:58:30;19. Mai;;;16.00;;
253;SDS011;590;48.773;8.847;2019-05-06T19:00:58;15.48;;;14.30;;
253;SDS011;590;48.773;8.847;2019-05-06T19:03:26;Okt 53;;;Sep 98;;
253;SDS011;590;48.773;8.847;2019-05-06T19:05:59;Okt 35;;;Sep 85;;
253;SDS011;590;48.773;8.847;2019-05-06T19:08:27;Nov 28;;;Okt 68;;
253;SDS011;590;48.773;8.847;2019-05-06T19:11:02;Okt 30;;;Sep 80;;
253;SDS011;590;48.773;8.847;2019-05-06T19:13:31;17.48;;;13.20;;
253;SDS011;590;48.773;8.847;2019-05-06T19:15:59;24.80;;;17.85;;
253;SDS011;590;48.773;8.847;2019-05-06T19:18:28;17.50;;;13.55;;
253;SDS011;590;48.773;8.847;2019-05-06T19:20:55;Nov 88;;;Sep 40;;
253;SDS011;590;48.773;8.847;2019-05-06T19:23:23;Aug 30;;;Jul 90;;
253;SDS011;590;48.773;8.847;2019-05-06T19:25:51;08. Okt;;;Jul 70;;
253;SDS011;590;48.773;8.847;2019-05-06T19:28:19;Aug 20;;;Jul 85;;
253;SDS011;590;48.773;8.847;2019-05-06T19:30:47;Nov 53;;;Okt 43;;
253;SDS011;590;48.773;8.847;2019-05-06T19:33:15;Nov 90;;;Nov 30;;
253;SDS011;590;48.773;8.847;2019-05-06T19:35:43;Sep 88;;;Sep 38;;
253;SDS011;590;48.773;8.847;2019-05-06T19:38:11;Aug 95;;;Jul 95;;
253;SDS011;590;48.773;8.847;2019-05-06T19:40:39;Sep 55;;;09. Mai;;
253;SDS011;590;48.773;8.847;2019-05-06T19:43:08;Sep 75;;;Sep 23;;
253;SDS011;590;48.773;8.847;2019-05-06T19:45:36;Nov 85;;;Sep 88;;
253;SDS011;590;48.773;8.847;2019-05-06T19:48:04;13.13;;;Nov 30;;
253;SDS011;590;48.773;8.847;2019-05-06T19:50:32;14. Mrz;;;13.32;;
253;SDS011;590;48.773;8.847;2019-05-06T19:53:03;Aug 68;;;Aug 20;;
253;SDS011;590;48.773;8.847;2019-05-06T19:55:33;Sep 40;;;Jul 30;;
253;SDS011;590;48.773;8.847;2019-05-06T19:58:01;Jun 90;;;Jun 50;;
253;SDS011;590;48.773;8.847;2019-05-06T20:00:32;Aug 65;;;8.00;;
253;SDS011;590;48.773;8.847;2019-05-06T20:03:00;08. Mai;;;Jul 65;;
253;SDS011;590;48.773;8.847;2019-05-06T20:05:28;Aug 60;;;Jul 70;;
253;SDS011;590;48.773;8.847;2019-05-06T20:08:19;Jul 95;;;Jul 55;;
253;SDS011;590;48.773;8.847;2019-05-06T20:11:08;14.15;;;Dez 75;;
253;SDS011;590;48.773;8.847;2019-05-06T20:13:50;10. Aug;;;Sep 58;;
253;SDS011;590;48.773;8.847;2019-05-06T20:16:21;Sep 70;;;Aug 23;;
253;SDS011;590;48.773;8.847;2019-05-06T20:18:49;Sep 23;;;Aug 73;;
253;SDS011;590;48.773;8.847;2019-05-06T20:21:17;Sep 35;;;Aug 35;;
253;SDS011;590;48.773;8.847;2019-05-06T20:23:45;Sep 13;;;Aug 58;;
253;SDS011;590;48.773;8.847;2019-05-06T20:26:14;Aug 60;;;Jul 72;;
253;SDS011;590;48.773;8.847;2019-05-06T20:28:44;Aug 90;;;Aug 40;;
253;SDS011;590;48.773;8.847;2019-05-06T20:31:12;Aug 45;;;Jul 97;;
253;SDS011;590;48.773;8.847;2019-05-06T20:33:47;Sep 80;;;Aug 35;;
253;SDS011;590;48.773;8.847;2019-05-06T20:36:18;Sep 55;;;Aug 50;;
253;SDS011;590;48.773;8.847;2019-05-06T20:38:48;Aug 55;;;08. Mai;;
253;SDS011;590;48.773;8.847;2019-05-06T20:41:17;Okt 60;;;Jul 30;;
253;SDS011;590;48.773;8.847;2019-05-06T20:43:45;Aug 28;;;07. Okt;;
253;SDS011;590;48.773;8.847;2019-05-06T20:46:17;Aug 55;;;08. Mai;;
253;SDS011;590;48.773;8.847;2019-05-06T20:48:45;Aug 78;;;08. Mai;;
253;SDS011;590;48.773;8.847;2019-05-06T20:51:13;Aug 30;;;Jul 90;;
253;SDS011;590;48.773;8.847;2019-05-06T20:53:40;Aug 35;;;Jul 92;;
253;SDS011;590;48.773;8.847;2019-05-06T20:56:08;Aug 15;;;Jul 75;;
253;SDS011;590;48.773;8.847;2019-05-06T20:58:36;Sep 60;;;Aug 80;;
253;SDS011;590;48.773;8.847;2019-05-06T21:01:07;Okt 18;;;Aug 95;;
253;SDS011;590;48.773;8.847;2019-05-06T21:03:35;Sep 83;;;Sep 13;;
253;SDS011;590;48.773;8.847;2019-05-06T21:06:06;Sep 13;;;Aug 63;;
253;SDS011;590;48.773;8.847;2019-05-06T21:08:34;Aug 55;;;08. Mai;;
253;SDS011;590;48.773;8.847;2019-05-06T21:11:05;Sep 13;;;Aug 65;;
253;SDS011;590;48.773;8.847;2019-05-06T21:13:33;Sep 60;;;09. Okt;;
253;SDS011;590;48.773;8.847;2019-05-06T21:16:01;Okt 88;;;Okt 23;;
253;SDS011;590;48.773;8.847;2019-05-06T21:18:32;Dez 20;;;Okt 80;;
253;SDS011;590;48.773;8.847;2019-05-06T21:21:00;Sep 50;;;9.00;;
253;SDS011;590;48.773;8.847;2019-05-06T21:23:30;16.55;;;Okt 88;;
253;SDS011;590;48.773;8.847;2019-05-06T21:25:58;Aug 63;;;Aug 15;;
253;SDS011;590;48.773;8.847;2019-05-06T21:28:27;Sep 70;;;Sep 20;;
253;SDS011;590;48.773;8.847;2019-05-06T21:30:57;Nov 75;;;Nov 15;;
253;SDS011;590;48.773;8.847;2019-05-06T21:33:25;Okt 43;;;Sep 93;;
253;SDS011;590;48.773;8.847;2019-05-06T21:35:53;Okt 63;;;Sep 78;;
253;SDS011;590;48.773;8.847;2019-05-06T21:38:22;Okt 15;;;Sep 65;;
253;SDS011;590;48.773;8.847;2019-05-06T21:40:50;Okt 55;;;10.00;;
253;SDS011;590;48.773;8.847;2019-05-06T21:43:18;Okt 32;;;Sep 80;;
253;SDS011;590;48.773;8.847;2019-05-06T21:45:46;11. Mai;;;Okt 45;;
253;SDS011;590;48.773;8.847;2019-05-06T21:48:14;Okt 20;;;Sep 70;;
253;SDS011;590;48.773;8.847;2019-05-06T21:50:42;Okt 88;;;Sep 90;;
253;SDS011;590;48.773;8.847;2019-05-06T21:53:10;12. Jul;;;Okt 45;;
253;SDS011;590;48.773;8.847;2019-05-06T21:55:38;Okt 60;;;10.00;;
253;SDS011;590;48.773;8.847;2019-05-06T21:58:06;Nov 22;;;Okt 20;;
253;SDS011;590;48.773;8.847;2019-05-06T22:00:34;13.53;;;Okt 85;;
253;SDS011;590;48.773;8.847;2019-05-06T22:03:10;Nov 90;;;Okt 60;;
253;SDS011;590;48.773;8.847;2019-05-06T22:05:38;Sep 83;;;Sep 33;;
253;SDS011;590;48.773;8.847;2019-05-06T22:08:06;09. Okt;;;Aug 60;;
253;SDS011;590;48.773;8.847;2019-05-06T22:10:34;11. Mai;;;Okt 38;;
253;SDS011;590;48.773;8.847;2019-05-06T22:13:02;Okt 28;;;Sep 78;;
253;SDS011;590;48.773;8.847;2019-05-06T22:15:30;Sep 33;;;Aug 83;;
253;SDS011;590;48.773;8.847;2019-05-06T22:17:58;Okt 60;;;10. Mai;;
253;SDS011;590;48.773;8.847;2019-05-06T22:20:26;10. Mai;;;Sep 53;;
253;SDS011;590;48.773;8.847;2019-05-06T22:22:56;Nov 38;;;Okt 78;;
253;SDS011;590;48.773;8.847;2019-05-06T22:25:24;13.40;;;Nov 45;;
253;SDS011;590;48.773;8.847;2019-05-06T22:27:51;11. Mai;;;Okt 45;;
253;SDS011;590;48.773;8.847;2019-05-06T22:30:19;13.18;;;Dez 30;;
253;SDS011;590;48.773;8.847;2019-05-06T22:32:47;Nov 90;;;Nov 28;;
253;SDS011;590;48.773;8.847;2019-05-06T22:35:15;11. Mrz;;;10.00;;
253;SDS011;590;48.773;8.847;2019-05-06T22:37:43;Sep 68;;;Sep 18;;
253;SDS011;590;48.773;8.847;2019-05-06T22:40:11;Dez 88;;;Dez 18;;
253;SDS011;590;48.773;8.847;2019-05-06T22:42:40;13. Mai;;;Dez 35;;
253;SDS011;590;48.773;8.847;2019-05-06T22:45:08;Dez 75;;;12.00;;
253;SDS011;590;48.773;8.847;2019-05-06T22:47:36;13.43;;;Dez 80;;
253;SDS011;590;48.773;8.847;2019-05-06T22:50:04;Nov 38;;;Okt 78;;
253;SDS011;590;48.773;8.847;2019-05-06T22:52:32;14.18;;;Dez 25;;
253;SDS011;590;48.773;8.847;2019-05-06T22:55:00;Nov 68;;;11. Aug;;
253;SDS011;590;48.773;8.847;2019-05-06T22:57:28;Nov 25;;;Okt 65;;
253;SDS011;590;48.773;8.847;2019-05-06T22:59:56;Okt 82;;;Okt 15;;
253;SDS011;590;48.773;8.847;2019-05-06T23:02:24;Dez 20;;;Nov 60;;
253;SDS011;590;48.773;8.847;2019-05-06T23:05:08;10.00;;;Sep 50;;
253;SDS011;590;48.773;8.847;2019-05-06T23:07:36;Nov 73;;;Okt 88;;
253;SDS011;590;48.773;8.847;2019-05-06T23:10:04;Okt 50;;;Sep 95;;
253;SDS011;590;48.773;8.847;2019-05-06T23:12:32;Nov 25;;;Okt 65;;
253;SDS011;590;48.773;8.847;2019-05-06T23:15:01;Okt 28;;;Sep 78;;
253;SDS011;590;48.773;8.847;2019-05-06T23:17:30;Dez 40;;;Nov 80;;
253;SDS011;590;48.773;8.847;2019-05-06T23:19:57;Dez 40;;;Nov 35;;
253;SDS011;590;48.773;8.847;2019-05-06T23:22:27;Nov 25;;;Okt 65;;
253;SDS011;590;48.773;8.847;2019-05-06T23:24:55;13.48;;;Okt 55;;
253;SDS011;590;48.773;8.847;2019-05-06T23:27:23;Nov 43;;;Okt 32;;
253;SDS011;590;48.773;8.847;2019-05-06T23:29:51;Dez 20;;;Nov 60;;
253;SDS011;590;48.773;8.847;2019-05-06T23:32:19;Okt 80;;;Okt 20;;
253;SDS011;590;48.773;8.847;2019-05-06T23:34:47;12. Okt;;;Nov 50;;
